record_id,region_name,country,latitude,longitude,record_date,year,month,avg_temp_c,precipitation_mm,extreme_weather_events,drought_index,flood_risk_score,cyclone_alerts,revenue,operational_cost,supply_chain_delay_days,insurance_claims,facility_downtime_hours,employee_safety_incidents,cri_score,risk_category
361,Bengaluru,India,12.9716,77.5946,2016-01-01,2016,1,23.71,143.5,0,34.4,16.4,0,120.1,79.79,4.9,0,10.7,0,0.184,Low
362,Bengaluru,India,12.9716,77.5946,2016-02-01,2016,2,22.73,93.0,1,36.4,16.1,0,111.63,87.01,3.9,0,13.6,1,0.273,Medium
363,Bengaluru,India,12.9716,77.5946,2016-03-01,2016,3,24.85,155.1,0,27.4,16.4,0,123.24,83.86,8.0,2,7.2,0,0.138,Low
364,Bengaluru,India,12.9716,77.5946,2016-04-01,2016,4,26.34,89.2,1,9.7,18.3,1,107.61,86.16,9.3,0,23.2,1,0.142,Low
365,Bengaluru,India,12.9716,77.5946,2016-05-01,2016,5,26.98,147.1,1,17.1,29.1,1,108.62,90.39,8.7,2,28.4,0,0.156,Low
366,Bengaluru,India,12.9716,77.5946,2016-06-01,2016,6,28.61,169.1,3,7.6,44.1,1,93.14,84.36,10.7,1,38.2,0,0.277,Medium
367,Bengaluru,India,12.9716,77.5946,2016-07-01,2016,7,27.96,252.3,0,28.6,48.5,0,110.47,85.13,5.1,1,18.7,0,0.244,Low
368,Bengaluru,India,12.9716,77.5946,2016-08-01,2016,8,28.49,208.8,3,6.7,36.3,1,108.44,87.57,7.9,1,30.3,2,0.279,Medium
369,Bengaluru,India,12.9716,77.5946,2016-09-01,2016,9,28.46,133.3,0,15.9,42.4,0,114.49,86.91,2.8,1,17.0,0,0.168,Low
370,Bengaluru,India,12.9716,77.5946,2016-10-01,2016,10,25.59,104.2,1,9.2,14.1,0,127.27,78.19,8.1,0,15.4,0,0.12,Low
371,Bengaluru,India,12.9716,77.5946,2016-11-01,2016,11,26.23,0.0,2,32.1,9.7,0,110.31,81.84,9.4,2,25.4,1,0.238,Low
372,Bengaluru,India,12.9716,77.5946,2016-12-01,2016,12,22.46,151.1,1,32.2,23.7,1,114.3,89.6,8.2,1,31.5,0,0.281,Medium
373,Bengaluru,India,12.9716,77.5946,2017-01-01,2017,1,23.01,113.2,1,33.4,15.3,0,114.1,84.9,7.5,2,17.9,0,0.246,Low
374,Bengaluru,India,12.9716,77.5946,2017-02-01,2017,2,23.11,23.8,3,41.6,23.2,0,114.59,86.37,9.7,1,22.8,0,0.387,Medium
375,Bengaluru,India,12.9716,77.5946,2017-03-01,2017,3,24.6,61.7,2,27.7,4.2,0,108.34,84.92,7.6,1,16.3,0,0.228,Low
376,Bengaluru,India,12.9716,77.5946,2017-04-01,2017,4,27.35,103.1,1,21.6,30.7,0,116.35,84.63,4.1,5,15.5,0,0.178,Low
377,Bengaluru,India,12.9716,77.5946,2017-05-01,2017,5,26.97,119.9,1,9.6,38.2,0,114.48,84.05,3.4,1,16.1,0,0.143,Low
378,Bengaluru,India,12.9716,77.5946,2017-06-01,2017,6,28.51,242.7,0,6.3,32.1,0,129.24,79.19,6.4,1,14.1,0,0.17,Low
379,Bengaluru,India,12.9716,77.5946,2017-07-01,2017,7,29.8,241.7,1,18.4,35.6,0,122.64,84.76,3.4,3,22.0,0,0.271,Medium
380,Bengaluru,India,12.9716,77.5946,2017-08-01,2017,8,28.96,225.3,1,14.9,54.4,1,104.12,92.95,9.4,0,29.0,0,0.29,Medium
381,Bengaluru,India,12.9716,77.5946,2017-09-01,2017,9,27.94,68.3,1,22.5,28.3,0,119.13,79.38,5.7,1,18.1,0,0.21,Low
382,Bengaluru,India,12.9716,77.5946,2017-10-01,2017,10,25.54,99.0,1,16.9,15.2,0,117.4,79.39,4.8,1,16.5,0,0.145,Low
383,Bengaluru,India,12.9716,77.5946,2017-11-01,2017,11,24.76,92.1,1,29.1,5.1,0,128.32,82.13,6.1,1,13.5,0,0.181,Low
384,Bengaluru,India,12.9716,77.5946,2017-12-01,2017,12,24.64,81.8,0,21.8,18.5,0,132.79,77.35,3.7,1,8.4,0,0.165,Low
385,Bengaluru,India,12.9716,77.5946,2018-01-01,2018,1,22.05,103.4,1,52.6,19.4,1,103.61,83.49,10.3,1,20.8,0,0.356,Medium
386,Bengaluru,India,12.9716,77.5946,2018-02-01,2018,2,23.19,75.0,1,33.5,26.0,1,119.29,91.42,9.4,0,24.6,0,0.306,Medium
387,Bengaluru,India,12.9716,77.5946,2018-03-01,2018,3,23.41,128.6,0,33.1,11.2,0,119.82,74.07,8.0,1,15.9,0,0.188,Low
388,Bengaluru,India,12.9716,77.5946,2018-04-01,2018,4,26.8,150.7,1,10.8,10.4,0,122.92,80.05,3.1,1,11.0,0,0.079,Low
389,Bengaluru,India,12.9716,77.5946,2018-05-01,2018,5,28.86,199.7,1,20.0,36.7,0,121.79,85.68,6.5,1,17.6,1,0.23,Low
390,Bengaluru,India,12.9716,77.5946,2018-06-01,2018,6,28.84,205.4,0,7.1,49.7,0,136.05,82.32,6.0,0,17.3,0,0.193,Low
391,Bengaluru,India,12.9716,77.5946,2018-07-01,2018,7,28.6,305.0,2,21.1,35.0,1,106.29,88.67,9.8,3,34.0,0,0.334,Medium
392,Bengaluru,India,12.9716,77.5946,2018-08-01,2018,8,28.23,256.5,2,14.7,50.2,1,117.36,87.07,8.5,3,27.1,1,0.31,Medium
393,Bengaluru,India,12.9716,77.5946,2018-09-01,2018,9,27.68,168.4,0,17.7,33.8,0,118.24,82.23,7.0,0,19.4,0,0.139,Low
394,Bengaluru,India,12.9716,77.5946,2018-10-01,2018,10,26.19,100.7,0,23.1,28.6,0,118.0,78.25,5.6,1,20.0,0,0.134,Low
395,Bengaluru,India,12.9716,77.5946,2018-11-01,2018,11,25.67,173.5,1,17.6,20.5,0,124.67,83.08,3.9,1,10.9,0,0.141,Low
396,Bengaluru,India,12.9716,77.5946,2018-12-01,2018,12,23.32,160.3,0,29.3,3.3,1,121.45,85.03,7.8,0,17.0,0,0.189,Low
397,Bengaluru,India,12.9716,77.5946,2019-01-01,2019,1,23.81,63.6,2,41.2,19.9,0,102.19,86.03,10.3,3,29.0,2,0.309,Medium
398,Bengaluru,India,12.9716,77.5946,2019-02-01,2019,2,23.63,163.4,0,51.6,28.4,0,131.52,81.01,6.1,0,17.1,0,0.256,Medium
399,Bengaluru,India,12.9716,77.5946,2019-03-01,2019,3,24.38,113.8,0,26.4,14.7,0,114.3,86.67,4.7,2,2.0,0,0.159,Low
400,Bengaluru,India,12.9716,77.5946,2019-04-01,2019,4,26.23,85.6,0,22.2,18.3,0,127.18,81.6,7.1,1,6.1,0,0.121,Low
401,Bengaluru,India,12.9716,77.5946,2019-05-01,2019,5,28.27,93.3,2,16.6,32.3,0,130.44,84.0,5.8,0,20.3,0,0.23,Low
402,Bengaluru,India,12.9716,77.5946,2019-06-01,2019,6,29.84,200.2,2,33.0,22.4,0,135.65,86.02,10.1,0,16.5,0,0.294,Medium
403,Bengaluru,India,12.9716,77.5946,2019-07-01,2019,7,29.32,224.5,3,3.5,57.7,0,116.3,85.16,10.3,0,24.7,1,0.315,Medium
404,Bengaluru,India,12.9716,77.5946,2019-08-01,2019,8,28.16,274.4,3,18.3,36.3,0,110.33,85.92,7.2,1,26.2,0,0.308,Medium
405,Bengaluru,India,12.9716,77.5946,2019-09-01,2019,9,28.84,210.8,2,4.5,37.0,0,131.7,91.56,6.0,1,28.0,0,0.229,Low
406,Bengaluru,India,12.9716,77.5946,2019-10-01,2019,10,25.83,96.7,1,0.0,20.4,0,133.86,78.9,4.3,0,12.9,1,0.107,Low
407,Bengaluru,India,12.9716,77.5946,2019-11-01,2019,11,25.27,135.6,0,29.9,29.8,0,124.79,81.46,2.7,0,20.7,0,0.159,Low
408,Bengaluru,India,12.9716,77.5946,2019-12-01,2019,12,23.95,153.0,0,35.9,23.8,0,124.19,80.33,5.8,1,22.5,0,0.195,Low
409,Bengaluru,India,12.9716,77.5946,2020-01-01,2020,1,23.45,123.4,1,35.2,19.4,0,121.45,80.16,5.0,0,25.7,0,0.24,Low
410,Bengaluru,India,12.9716,77.5946,2020-02-01,2020,2,23.6,96.5,0,34.0,14.7,0,127.31,82.29,5.5,3,15.5,0,0.208,Low
411,Bengaluru,India,12.9716,77.5946,2020-03-01,2020,3,25.6,98.7,1,52.3,26.6,0,126.26,84.87,5.3,0,11.6,0,0.25,Medium
412,Bengaluru,India,12.9716,77.5946,2020-04-01,2020,4,23.74,135.4,1,15.4,7.9,0,125.81,84.12,6.6,1,17.1,0,0.158,Low
413,Bengaluru,India,12.9716,77.5946,2020-05-01,2020,5,29.03,189.0,3,21.6,38.0,0,118.07,89.82,9.9,1,31.8,0,0.297,Medium
414,Bengaluru,India,12.9716,77.5946,2020-06-01,2020,6,28.5,199.2,1,12.3,35.0,0,131.75,85.54,5.0,1,17.2,0,0.198,Low
415,Bengaluru,India,12.9716,77.5946,2020-07-01,2020,7,29.97,120.2,3,19.9,54.8,1,103.92,90.1,12.6,6,46.1,1,0.366,Medium
416,Bengaluru,India,12.9716,77.5946,2020-08-01,2020,8,29.53,159.3,1,15.6,43.8,0,124.66,85.5,6.6,1,23.4,0,0.228,Low
417,Bengaluru,India,12.9716,77.5946,2020-09-01,2020,9,29.18,197.3,1,14.2,38.0,0,117.28,85.13,8.5,2,21.1,0,0.225,Low
418,Bengaluru,India,12.9716,77.5946,2020-10-01,2020,10,26.83,34.8,1,32.1,21.6,0,128.66,80.16,4.8,2,23.8,0,0.21,Low
419,Bengaluru,India,12.9716,77.5946,2020-11-01,2020,11,24.52,167.4,2,36.9,8.7,0,113.85,83.68,6.9,0,22.8,1,0.226,Low
420,Bengaluru,India,12.9716,77.5946,2020-12-01,2020,12,22.81,161.4,1,35.9,15.0,0,134.27,78.69,5.3,2,5.6,0,0.246,Low
421,Bengaluru,India,12.9716,77.5946,2021-01-01,2021,1,23.42,121.6,0,19.1,25.7,0,123.84,82.8,4.9,1,11.1,0,0.183,Low
422,Bengaluru,India,12.9716,77.5946,2021-02-01,2021,2,22.55,143.9,0,31.9,22.2,0,120.33,83.35,6.0,0,20.7,2,0.219,Low
423,Bengaluru,India,12.9716,77.5946,2021-03-01,2021,3,24.72,141.2,1,49.1,29.3,1,117.89,93.58,8.9,2,26.3,0,0.273,Medium
424,Bengaluru,India,12.9716,77.5946,2021-04-01,2021,4,26.5,115.3,0,15.7,23.8,0,144.09,79.78,4.1,1,11.8,0,0.092,Low
425,Bengaluru,India,12.9716,77.5946,2021-05-01,2021,5,27.69,117.5,3,26.3,26.7,0,128.46,88.34,10.0,0,20.6,0,0.246,Low
426,Bengaluru,India,12.9716,77.5946,2021-06-01,2021,6,29.38,249.6,2,29.0,37.1,0,113.62,88.84,9.9,1,32.6,1,0.324,Medium
427,Bengaluru,India,12.9716,77.5946,2021-07-01,2021,7,29.57,281.3,1,19.3,46.7,0,120.28,81.71,7.5,1,28.3,0,0.308,Medium
428,Bengaluru,India,12.9716,77.5946,2021-08-01,2021,8,29.11,162.6,3,10.8,26.5,1,116.85,87.86,10.5,1,28.5,2,0.264,Medium
429,Bengaluru,India,12.9716,77.5946,2021-09-01,2021,9,26.34,116.0,3,0.0,45.2,0,139.67,84.34,7.9,0,25.6,1,0.189,Low
430,Bengaluru,India,12.9716,77.5946,2021-10-01,2021,10,25.75,114.5,1,23.0,24.1,0,125.14,81.78,6.9,0,14.2,2,0.162,Low
431,Bengaluru,India,12.9716,77.5946,2021-11-01,2021,11,25.81,95.0,0,21.0,29.6,1,121.22,83.09,8.1,1,26.3,1,0.169,Low
432,Bengaluru,India,12.9716,77.5946,2021-12-01,2021,12,24.86,125.8,2,36.2,9.9,0,138.48,82.63,4.7,2,23.8,0,0.218,Low
433,Bengaluru,India,12.9716,77.5946,2022-01-01,2022,1,22.35,168.3,2,27.5,29.7,0,129.28,87.98,8.4,1,26.6,0,0.299,Medium
434,Bengaluru,India,12.9716,77.5946,2022-02-01,2022,2,23.58,30.2,1,32.7,36.6,0,136.62,83.89,5.6,0,21.9,1,0.311,Medium
435,Bengaluru,India,12.9716,77.5946,2022-03-01,2022,3,26.2,183.3,1,27.8,11.8,1,121.56,87.84,6.4,1,40.4,0,0.166,Low
436,Bengaluru,India,12.9716,77.5946,2022-04-01,2022,4,26.28,103.7,1,19.6,26.4,0,131.8,81.11,3.5,2,12.3,1,0.149,Low
437,Bengaluru,India,12.9716,77.5946,2022-05-01,2022,5,28.27,193.0,2,8.6,33.5,1,131.91,87.13,9.4,0,21.2,0,0.233,Low
438,Bengaluru,India,12.9716,77.5946,2022-06-01,2022,6,30.62,235.7,4,27.1,31.8,0,122.5,90.1,8.4,1,28.3,0,0.398,Medium
439,Bengaluru,India,12.9716,77.5946,2022-07-01,2022,7,29.59,254.4,1,12.7,49.5,0,138.75,84.12,3.1,1,11.6,0,0.283,Medium
440,Bengaluru,India,12.9716,77.5946,2022-08-01,2022,8,29.08,213.4,1,4.1,48.5,0,135.16,85.5,5.7,0,10.8,0,0.225,Low
441,Bengaluru,India,12.9716,77.5946,2022-09-01,2022,9,28.27,184.3,0,16.6,29.3,0,129.7,84.76,4.2,2,8.7,0,0.153,Low
442,Bengaluru,India,12.9716,77.5946,2022-10-01,2022,10,28.39,131.6,0,17.8,29.2,0,136.29,78.85,4.7,0,9.2,0,0.148,Low
443,Bengaluru,India,12.9716,77.5946,2022-11-01,2022,11,25.78,94.8,0,28.8,9.3,0,143.6,82.97,3.7,1,8.0,0,0.128,Low
444,Bengaluru,India,12.9716,77.5946,2022-12-01,2022,12,24.35,49.7,1,45.7,10.5,0,137.46,80.14,9.2,1,21.3,0,0.265,Medium
445,Bengaluru,India,12.9716,77.5946,2023-01-01,2023,1,23.52,71.2,0,35.6,22.0,1,129.19,92.34,8.8,1,21.6,0,0.265,Medium
446,Bengaluru,India,12.9716,77.5946,2023-02-01,2023,2,24.78,115.8,0,33.9,21.2,1,117.91,83.61,7.2,4,22.9,1,0.202,Low
447,Bengaluru,India,12.9716,77.5946,2023-03-01,2023,3,25.99,88.5,1,18.7,16.0,0,124.4,84.14,5.5,1,20.6,0,0.144,Low
448,Bengaluru,India,12.9716,77.5946,2023-04-01,2023,4,26.11,88.6,1,24.1,26.7,1,117.89,84.34,11.0,4,23.2,0,0.198,Low
449,Bengaluru,India,12.9716,77.5946,2023-05-01,2023,5,29.03,244.5,4,19.0,37.2,0,122.75,88.62,11.2,1,28.6,1,0.35,Medium
450,Bengaluru,India,12.9716,77.5946,2023-06-01,2023,6,29.47,245.3,0,14.1,48.7,0,134.29,86.52,3.4,0,17.6,0,0.246,Low
451,Bengaluru,India,12.9716,77.5946,2023-07-01,2023,7,30.02,214.9,4,2.3,45.1,0,117.84,86.09,8.0,1,19.2,0,0.335,Medium
452,Bengaluru,India,12.9716,77.5946,2023-08-01,2023,8,28.9,237.8,2,29.1,46.9,0,136.87,93.09,7.1,1,12.9,0,0.322,Medium
453,Bengaluru,India,12.9716,77.5946,2023-09-01,2023,9,28.2,155.7,1,7.7,30.4,1,122.09,86.82,7.8,2,27.2,0,0.173,Low
454,Bengaluru,India,12.9716,77.5946,2023-10-01,2023,10,26.21,124.4,1,12.8,35.4,0,127.38,85.82,5.2,0,20.2,0,0.14,Low
455,Bengaluru,India,12.9716,77.5946,2023-11-01,2023,11,24.68,137.7,1,30.4,15.3,0,137.04,83.95,6.1,0,27.8,0,0.181,Low
456,Bengaluru,India,12.9716,77.5946,2023-12-01,2023,12,24.75,103.3,2,25.2,35.7,0,138.73,86.94,8.8,3,23.8,0,0.252,Medium
457,Bengaluru,India,12.9716,77.5946,2024-01-01,2024,1,23.78,92.6,2,25.6,21.2,0,147.04,80.43,8.5,1,25.4,0,0.259,Medium
458,Bengaluru,India,12.9716,77.5946,2024-02-01,2024,2,23.43,169.0,1,17.8,11.4,0,142.26,80.32,4.9,0,14.5,0,0.183,Low
459,Bengaluru,India,12.9716,77.5946,2024-03-01,2024,3,27.32,144.6,0,33.3,30.6,0,148.48,85.53,3.1,0,17.3,0,0.152,Low
460,Bengaluru,India,12.9716,77.5946,2024-04-01,2024,4,26.19,29.8,2,13.1,21.9,0,128.04,82.96,5.2,0,28.2,0,0.198,Low
461,Bengaluru,India,12.9716,77.5946,2024-05-01,2024,5,29.47,145.8,3,40.9,39.5,1,136.16,93.62,11.4,1,27.5,0,0.363,Medium
462,Bengaluru,India,12.9716,77.5946,2024-06-01,2024,6,28.53,179.7,2,9.5,51.2,0,122.07,80.91,5.8,2,25.1,0,0.242,Low
463,Bengaluru,India,12.9716,77.5946,2024-07-01,2024,7,30.49,200.2,0,10.1,48.4,0,136.61,80.01,7.1,0,25.9,2,0.239,Low
464,Bengaluru,India,12.9716,77.5946,2024-08-01,2024,8,29.53,245.4,0,13.0,38.5,0,144.18,84.56,3.3,1,15.8,0,0.227,Low
465,Bengaluru,India,12.9716,77.5946,2024-09-01,2024,9,28.14,173.3,2,19.4,40.3,0,124.41,81.65,8.6,2,31.1,0,0.233,Low
466,Bengaluru,India,12.9716,77.5946,2024-10-01,2024,10,27.31,64.4,0,13.7,21.0,1,130.03,86.89,4.7,1,18.2,0,0.155,Low
467,Bengaluru,India,12.9716,77.5946,2024-11-01,2024,11,25.71,104.7,1,32.4,25.8,1,124.39,88.59,10.2,2,27.8,0,0.219,Low
468,Bengaluru,India,12.9716,77.5946,2024-12-01,2024,12,23.92,141.7,1,27.0,5.9,1,131.75,85.81,8.1,0,25.1,1,0.199,Low
469,Bengaluru,India,12.9716,77.5946,2025-01-01,2025,1,23.49,111.2,0,26.4,24.1,1,144.12,84.86,10.0,1,12.2,1,0.226,Low
470,Bengaluru,India,12.9716,77.5946,2025-02-01,2025,2,23.33,94.2,0,20.4,16.5,0,143.29,78.84,2.9,0,6.8,0,0.187,Low
471,Bengaluru,India,12.9716,77.5946,2025-03-01,2025,3,25.94,133.2,1,9.7,32.6,1,130.58,85.89,7.8,3,20.5,1,0.155,Low
472,Bengaluru,India,12.9716,77.5946,2025-04-01,2025,4,26.21,184.7,0,13.4,25.4,0,125.2,83.21,4.1,1,17.0,0,0.1,Low
473,Bengaluru,India,12.9716,77.5946,2025-05-01,2025,5,28.72,191.0,2,15.1,35.2,0,140.06,83.62,7.1,0,26.1,0,0.238,Low
474,Bengaluru,India,12.9716,77.5946,2025-06-01,2025,6,30.3,263.0,2,12.4,46.1,1,134.94,95.4,9.8,3,33.3,0,0.356,Medium
475,Bengaluru,India,12.9716,77.5946,2025-07-01,2025,7,30.41,201.9,0,27.4,39.0,0,130.87,83.0,5.2,1,20.3,0,0.263,Medium
476,Bengaluru,India,12.9716,77.5946,2025-08-01,2025,8,29.27,210.6,3,27.3,54.0,0,131.79,86.98,9.0,4,28.4,1,0.357,Medium
477,Bengaluru,India,12.9716,77.5946,2025-09-01,2025,9,29.49,171.4,0,14.8,47.4,0,143.64,84.77,2.4,2,21.7,1,0.207,Low
478,Bengaluru,India,12.9716,77.5946,2025-10-01,2025,10,26.94,124.7,1,3.1,23.8,1,142.46,88.03,9.5,1,24.2,1,0.123,Low
479,Bengaluru,India,12.9716,77.5946,2025-11-01,2025,11,24.71,137.6,1,23.0,32.1,0,136.12,78.35,10.7,0,18.9,1,0.192,Low
480,Bengaluru,India,12.9716,77.5946,2025-12-01,2025,12,24.46,83.2,0,30.0,17.0,1,132.22,82.38,8.1,0,21.5,0,0.211,Low
1,Chennai,India,13.0827,80.2707,2016-01-01,2016,1,25.3,151.6,1,46.0,45.7,0,120.02,96.54,9.9,0,28.7,0,0.319,Medium
2,Chennai,India,13.0827,80.2707,2016-02-01,2016,2,25.2,83.6,0,42.6,45.8,0,123.73,91.79,6.0,0,25.3,0,0.319,Medium
3,Chennai,India,13.0827,80.2707,2016-03-01,2016,3,26.94,176.1,3,41.0,48.7,1,122.1,104.32,10.9,0,30.6,1,0.343,Medium
4,Chennai,India,13.0827,80.2707,2016-04-01,2016,4,29.15,63.9,0,32.1,46.1,0,130.32,97.2,5.6,2,13.7,1,0.237,Low
5,Chennai,India,13.0827,80.2707,2016-05-01,2016,5,29.25,241.0,1,24.0,40.1,0,132.7,94.01,6.3,0,23.8,0,0.207,Low
6,Chennai,India,13.0827,80.2707,2016-06-01,2016,6,30.36,376.5,3,27.3,62.6,0,136.84,98.63,12.1,2,31.8,1,0.419,Medium
7,Chennai,India,13.0827,80.2707,2016-07-01,2016,7,32.22,275.4,5,26.3,56.6,1,117.35,102.09,10.5,1,44.9,0,0.49,Medium
8,Chennai,India,13.0827,80.2707,2016-08-01,2016,8,31.18,266.2,2,29.7,57.1,0,119.31,91.15,8.9,2,31.3,0,0.348,Medium
9,Chennai,India,13.0827,80.2707,2016-09-01,2016,9,29.1,221.5,0,34.2,52.7,0,118.51,94.43,8.8,3,12.7,2,0.209,Low
10,Chennai,India,13.0827,80.2707,2016-10-01,2016,10,28.42,99.9,0,39.8,44.8,0,123.56,92.96,8.1,0,22.3,1,0.215,Low
11,Chennai,India,13.0827,80.2707,2016-11-01,2016,11,26.13,58.0,0,50.9,32.8,2,125.11,94.49,8.9,2,35.4,0,0.354,Medium
12,Chennai,India,13.0827,80.2707,2016-12-01,2016,12,25.04,122.7,3,55.0,22.7,0,137.93,96.88,9.4,0,29.9,0,0.385,Medium
13,Chennai,India,13.0827,80.2707,2017-01-01,2017,1,25.21,77.5,1,45.5,40.3,1,122.26,102.81,12.3,0,27.9,2,0.375,Medium
14,Chennai,India,13.0827,80.2707,2017-02-01,2017,2,23.9,138.9,0,49.8,57.5,1,127.16,99.74,8.8,1,31.4,0,0.388,Medium
15,Chennai,India,13.0827,80.2707,2017-03-01,2017,3,25.16,83.2,1,61.5,37.6,0,126.82,95.34,8.8,1,22.5,0,0.383,Medium
16,Chennai,India,13.0827,80.2707,2017-04-01,2017,4,27.6,182.0,2,40.6,39.3,0,135.92,98.53,9.9,1,27.5,0,0.248,Low
17,Chennai,India,13.0827,80.2707,2017-05-01,2017,5,28.75,186.2,2,29.0,64.0,0,144.33,101.89,10.5,1,25.5,0,0.251,Medium
18,Chennai,India,13.0827,80.2707,2017-06-01,2017,6,30.92,276.0,2,45.2,64.8,0,121.26,101.62,11.2,1,28.6,1,0.397,Medium
19,Chennai,India,13.0827,80.2707,2017-07-01,2017,7,30.35,347.5,0,29.4,65.5,1,124.52,97.16,9.4,3,29.6,0,0.345,Medium
20,Chennai,India,13.0827,80.2707,2017-08-01,2017,8,29.56,239.6,1,27.2,63.7,0,136.3,94.56,6.5,1,19.9,0,0.264,Medium
21,Chennai,India,13.0827,80.2707,2017-09-01,2017,9,30.77,226.6,3,43.7,53.3,0,130.29,101.12,12.0,4,35.5,2,0.374,Medium
22,Chennai,India,13.0827,80.2707,2017-10-01,2017,10,27.93,172.3,2,22.0,31.0,0,144.65,96.17,5.7,1,19.8,1,0.184,Low
23,Chennai,India,13.0827,80.2707,2017-11-01,2017,11,26.67,55.7,4,27.2,29.6,0,132.49,100.05,9.1,2,27.4,0,0.353,Medium
24,Chennai,India,13.0827,80.2707,2017-12-01,2017,12,24.39,127.4,0,57.4,52.2,0,127.02,98.61,7.2,1,17.9,0,0.365,Medium
25,Chennai,India,13.0827,80.2707,2018-01-01,2018,1,24.7,130.4,0,52.7,40.3,1,133.76,100.0,8.3,1,28.8,0,0.347,Medium
26,Chennai,India,13.0827,80.2707,2018-02-01,2018,2,25.64,151.3,0,50.8,39.7,0,139.76,93.81,8.1,2,29.9,0,0.28,Medium
27,Chennai,India,13.0827,80.2707,2018-03-01,2018,3,25.74,70.5,0,39.6,38.4,0,139.2,98.51,7.6,3,18.6,2,0.291,Medium
28,Chennai,India,13.0827,80.2707,2018-04-01,2018,4,28.47,67.2,1,30.6,44.5,2,132.25,98.56,9.6,1,21.6,0,0.291,Medium
29,Chennai,India,13.0827,80.2707,2018-05-01,2018,5,29.2,238.4,2,28.8,69.3,0,136.32,104.27,11.4,5,28.7,0,0.299,Medium
30,Chennai,India,13.0827,80.2707,2018-06-01,2018,6,30.55,300.8,2,27.5,64.3,0,137.91,95.55,9.5,0,33.8,1,0.357,Medium
31,Chennai,India,13.0827,80.2707,2018-07-01,2018,7,30.72,325.0,5,29.4,59.9,0,135.25,105.84,10.0,1,24.6,0,0.465,Medium
32,Chennai,India,13.0827,80.2707,2018-08-01,2018,8,32.29,302.7,4,29.2,59.7,0,131.89,100.14,11.2,3,24.4,0,0.463,Medium
33,Chennai,India,13.0827,80.2707,2018-09-01,2018,9,29.71,190.3,2,25.9,59.0,0,129.85,95.19,10.3,1,23.5,1,0.262,Medium
34,Chennai,India,13.0827,80.2707,2018-10-01,2018,10,27.38,129.3,4,28.1,34.9,0,131.37,96.34,7.0,1,22.8,0,0.306,Medium
35,Chennai,India,13.0827,80.2707,2018-11-01,2018,11,27.4,131.7,0,22.5,45.0,0,144.86,92.88,7.7,2,15.8,1,0.184,Low
36,Chennai,India,13.0827,80.2707,2018-12-01,2018,12,24.68,91.4,3,55.3,22.8,0,125.09,99.02,9.9,1,16.3,0,0.412,Medium
37,Chennai,India,13.0827,80.2707,2019-01-01,2019,1,25.43,194.6,2,55.6,37.4,1,131.92,100.54,9.0,3,31.9,0,0.369,Medium
38,Chennai,India,13.0827,80.2707,2019-02-01,2019,2,24.1,139.0,1,49.1,43.4,0,130.22,94.89,10.3,2,26.5,0,0.362,Medium
39,Chennai,India,13.0827,80.2707,2019-03-01,2019,3,25.72,72.3,3,44.4,47.9,1,128.51,99.91,9.8,1,22.3,1,0.438,Medium
40,Chennai,India,13.0827,80.2707,2019-04-01,2019,4,28.45,146.3,2,34.7,33.3,1,141.54,103.7,8.8,4,33.2,0,0.245,Low
41,Chennai,India,13.0827,80.2707,2019-05-01,2019,5,30.39,178.5,3,26.7,41.0,0,134.43,102.23,8.2,2,34.0,3,0.281,Medium
42,Chennai,India,13.0827,80.2707,2019-06-01,2019,6,31.05,320.4,1,28.2,58.8,2,131.1,100.09,9.4,1,24.9,0,0.391,Medium
43,Chennai,India,13.0827,80.2707,2019-07-01,2019,7,31.23,361.3,1,36.7,56.1,0,124.53,96.74,6.6,1,30.6,2,0.383,Medium
44,Chennai,India,13.0827,80.2707,2019-08-01,2019,8,30.69,256.0,3,34.2,59.6,0,136.48,99.17,7.2,3,25.8,0,0.376,Medium
45,Chennai,India,13.0827,80.2707,2019-09-01,2019,9,28.66,256.0,0,48.8,51.5,0,139.99,97.91,10.3,3,24.7,0,0.249,Low
46,Chennai,India,13.0827,80.2707,2019-10-01,2019,10,27.77,136.5,0,45.5,29.8,0,153.44,91.3,5.8,1,16.6,1,0.2,Low
47,Chennai,India,13.0827,80.2707,2019-11-01,2019,11,26.49,152.9,2,50.0,44.6,1,129.34,98.31,8.1,2,40.2,0,0.351,Medium
48,Chennai,India,13.0827,80.2707,2019-12-01,2019,12,26.62,195.9,0,43.7,37.9,1,137.68,91.07,4.7,1,22.4,0,0.248,Low
49,Chennai,India,13.0827,80.2707,2020-01-01,2020,1,25.65,110.2,1,48.0,46.6,0,137.16,97.94,7.3,0,25.7,1,0.338,Medium
50,Chennai,India,13.0827,80.2707,2020-02-01,2020,2,24.38,89.9,2,41.8,26.1,0,147.88,97.94,5.9,0,20.3,0,0.363,Medium
51,Chennai,India,13.0827,80.2707,2020-03-01,2020,3,27.16,84.4,0,44.7,31.9,2,134.8,95.56,10.9,3,34.8,2,0.296,Medium
52,Chennai,India,13.0827,80.2707,2020-04-01,2020,4,28.1,87.4,2,10.6,42.6,1,138.77,100.99,9.6,1,33.6,0,0.243,Low
53,Chennai,India,13.0827,80.2707,2020-05-01,2020,5,29.38,214.4,5,28.8,45.9,1,134.55,97.24,9.5,1,40.5,0,0.369,Medium
54,Chennai,India,13.0827,80.2707,2020-06-01,2020,6,31.52,302.5,4,30.0,59.5,0,133.75,95.19,13.2,1,34.8,1,0.444,Medium
55,Chennai,India,13.0827,80.2707,2020-07-01,2020,7,32.26,326.1,1,20.3,64.0,0,134.67,96.72,9.4,2,20.7,1,0.367,Medium
56,Chennai,India,13.0827,80.2707,2020-08-01,2020,8,31.79,322.0,1,38.9,61.8,2,134.1,102.85,9.4,0,34.4,0,0.443,Medium
57,Chennai,India,13.0827,80.2707,2020-09-01,2020,9,29.29,218.0,0,23.4,46.8,2,145.12,101.62,4.5,2,24.7,1,0.225,Low
58,Chennai,India,13.0827,80.2707,2020-10-01,2020,10,28.22,178.1,0,34.6,40.0,0,133.77,92.96,10.5,1,27.3,0,0.158,Low
59,Chennai,India,13.0827,80.2707,2020-11-01,2020,11,27.25,109.4,4,64.8,33.5,1,131.82,104.69,8.7,3,38.9,2,0.432,Medium
60,Chennai,India,13.0827,80.2707,2020-12-01,2020,12,26.67,228.8,2,36.9,43.7,1,131.01,98.02,6.6,0,24.2,2,0.32,Medium
61,Chennai,India,13.0827,80.2707,2021-01-01,2021,1,25.12,145.0,1,51.3,38.2,3,141.6,99.7,11.7,1,35.9,1,0.402,Medium
62,Chennai,India,13.0827,80.2707,2021-02-01,2021,2,25.76,85.7,1,46.6,40.1,2,124.76,101.4,13.0,1,32.0,0,0.383,Medium
63,Chennai,India,13.0827,80.2707,2021-03-01,2021,3,26.13,77.2,3,37.7,57.0,1,129.78,102.1,12.2,4,17.2,0,0.424,Medium
64,Chennai,India,13.0827,80.2707,2021-04-01,2021,4,27.57,139.3,3,38.6,31.3,0,140.95,92.46,9.4,2,29.8,2,0.284,Medium
65,Chennai,India,13.0827,80.2707,2021-05-01,2021,5,30.69,208.6,3,41.4,61.2,0,146.35,103.84,10.6,0,27.6,0,0.371,Medium
66,Chennai,India,13.0827,80.2707,2021-06-01,2021,6,32.23,317.4,1,38.7,42.0,0,140.31,99.95,9.1,2,18.9,0,0.367,Medium
67,Chennai,India,13.0827,80.2707,2021-07-01,2021,7,31.5,333.9,4,26.7,49.5,0,132.89,96.8,10.5,1,24.2,0,0.434,Medium
68,Chennai,India,13.0827,80.2707,2021-08-01,2021,8,31.97,286.0,1,52.0,52.0,1,150.39,99.84,9.7,3,27.7,2,0.418,Medium
69,Chennai,India,13.0827,80.2707,2021-09-01,2021,9,30.37,183.6,2,18.3,43.3,1,129.73,98.32,8.5,1,27.6,1,0.255,Medium
70,Chennai,India,13.0827,80.2707,2021-10-01,2021,10,28.07,59.4,0,24.2,40.4,0,129.3,94.44,6.6,0,12.7,1,0.2,Low
71,Chennai,India,13.0827,80.2707,2021-11-01,2021,11,27.39,102.1,4,43.9,41.0,0,140.01,97.62,8.5,2,30.4,1,0.37,Medium
72,Chennai,India,13.0827,80.2707,2021-12-01,2021,12,27.24,154.3,2,50.5,37.2,1,134.54,96.6,8.9,1,31.2,1,0.318,Medium
73,Chennai,India,13.0827,80.2707,2022-01-01,2022,1,25.59,128.6,5,56.4,38.0,1,125.81,102.17,8.7,0,44.1,0,0.485,Medium
74,Chennai,India,13.0827,80.2707,2022-02-01,2022,2,27.28,70.2,2,62.5,42.7,0,143.7,102.04,9.1,2,22.8,0,0.375,Medium
75,Chennai,India,13.0827,80.2707,2022-03-01,2022,3,25.04,126.9,0,41.5,44.8,0,145.6,96.76,6.0,2,20.4,0,0.296,Medium
76,Chennai,India,13.0827,80.2707,2022-04-01,2022,4,29.31,135.4,3,33.4,29.7,0,137.79,95.62,6.6,2,26.3,0,0.271,Medium
77,Chennai,India,13.0827,80.2707,2022-05-01,2022,5,30.23,182.1,5,27.7,49.0,1,126.66,103.36,10.9,0,38.4,2,0.379,Medium
78,Chennai,India,13.0827,80.2707,2022-06-01,2022,6,31.03,295.0,2,37.2,60.2,1,144.72,90.72,11.7,1,28.0,1,0.408,Medium
79,Chennai,India,13.0827,80.2707,2022-07-01,2022,7,31.75,317.3,8,30.0,67.4,3,130.39,111.62,15.7,3,51.2,3,0.672,High
80,Chennai,India,13.0827,80.2707,2022-08-01,2022,8,29.7,243.2,1,29.9,55.2,1,141.07,92.16,6.3,1,16.5,0,0.287,Medium
81,Chennai,India,13.0827,80.2707,2022-09-01,2022,9,30.02,231.8,2,36.8,50.9,0,155.12,96.25,7.1,4,19.8,0,0.305,Medium
82,Chennai,India,13.0827,80.2707,2022-10-01,2022,10,29.0,142.4,2,40.8,39.2,1,133.64,94.73,10.4,2,29.1,1,0.287,Medium
83,Chennai,India,13.0827,80.2707,2022-11-01,2022,11,28.4,163.3,0,24.8,34.1,2,133.98,91.93,6.3,1,16.3,0,0.176,Low
84,Chennai,India,13.0827,80.2707,2022-12-01,2022,12,25.72,162.2,3,52.7,33.9,0,136.44,101.81,8.8,3,21.9,0,0.36,Medium
85,Chennai,India,13.0827,80.2707,2023-01-01,2023,1,25.09,64.9,3,50.3,39.7,1,139.06,98.43,10.8,3,27.8,1,0.458,Medium
86,Chennai,India,13.0827,80.2707,2023-02-01,2023,2,25.75,82.5,1,57.4,38.1,0,145.74,97.85,6.9,1,29.0,0,0.358,Medium
87,Chennai,India,13.0827,80.2707,2023-03-01,2023,3,27.99,140.6,0,40.5,42.5,0,145.34,94.76,7.5,2,12.3,1,0.203,Low
88,Chennai,India,13.0827,80.2707,2023-04-01,2023,4,29.03,140.6,3,42.9,31.6,0,145.96,98.94,6.7,0,27.2,0,0.287,Medium
89,Chennai,India,13.0827,80.2707,2023-05-01,2023,5,29.86,238.1,0,27.1,49.0,0,139.34,94.66,6.2,0,26.1,0,0.214,Low
90,Chennai,India,13.0827,80.2707,2023-06-01,2023,6,31.8,443.0,0,14.7,59.0,0,158.88,90.42,7.5,1,19.7,0,0.363,Medium
91,Chennai,India,13.0827,80.2707,2023-07-01,2023,7,31.88,337.8,2,40.9,69.7,0,141.58,101.88,7.1,0,27.0,0,0.454,Medium
92,Chennai,India,13.0827,80.2707,2023-08-01,2023,8,32.18,334.3,3,25.8,54.1,0,151.79,96.38,9.6,0,29.0,0,0.427,Medium
93,Chennai,India,13.0827,80.2707,2023-09-01,2023,9,29.76,255.7,5,19.9,53.1,1,142.28,96.13,10.4,3,31.2,1,0.392,Medium
94,Chennai,India,13.0827,80.2707,2023-10-01,2023,10,28.57,146.1,2,32.6,40.8,0,149.78,95.09,8.9,2,31.3,1,0.232,Low
95,Chennai,India,13.0827,80.2707,2023-11-01,2023,11,27.03,107.4,2,40.6,50.5,1,147.2,103.35,9.8,0,23.2,1,0.348,Medium
96,Chennai,India,13.0827,80.2707,2023-12-01,2023,12,25.08,150.4,1,56.4,32.0,2,146.54,101.42,11.5,0,28.5,2,0.377,Medium
97,Chennai,India,13.0827,80.2707,2024-01-01,2024,1,26.1,89.1,1,59.6,34.4,0,151.3,95.66,8.5,0,26.0,1,0.344,Medium
98,Chennai,India,13.0827,80.2707,2024-02-01,2024,2,26.48,110.5,0,50.6,32.4,2,155.32,96.4,8.0,2,24.4,1,0.316,Medium
99,Chennai,India,13.0827,80.2707,2024-03-01,2024,3,27.38,100.6,0,35.4,27.3,0,153.27,92.56,6.8,0,5.0,0,0.201,Low
100,Chennai,India,13.0827,80.2707,2024-04-01,2024,4,28.7,123.3,0,34.8,51.4,0,154.81,101.34,8.3,0,21.3,1,0.209,Low
101,Chennai,India,13.0827,80.2707,2024-05-01,2024,5,29.27,310.1,0,33.8,42.8,1,148.48,96.89,7.8,2,27.7,1,0.267,Medium
102,Chennai,India,13.0827,80.2707,2024-06-01,2024,6,31.17,214.2,2,37.1,54.9,1,154.92,100.19,9.5,2,32.7,1,0.359,Medium
103,Chennai,India,13.0827,80.2707,2024-07-01,2024,7,31.65,342.5,3,25.5,73.2,0,139.83,102.24,8.5,0,31.0,0,0.45,Medium
104,Chennai,India,13.0827,80.2707,2024-08-01,2024,8,30.89,224.4,1,29.3,48.4,0,162.76,96.32,6.7,3,17.5,0,0.27,Medium
105,Chennai,India,13.0827,80.2707,2024-09-01,2024,9,30.31,198.6,1,36.6,56.8,0,148.43,95.89,6.2,0,26.9,0,0.273,Medium
106,Chennai,India,13.0827,80.2707,2024-10-01,2024,10,29.27,163.6,0,42.5,29.1,0,142.53,93.54,9.5,2,17.5,0,0.182,Low
107,Chennai,India,13.0827,80.2707,2024-11-01,2024,11,28.97,122.6,0,50.2,47.7,0,151.18,95.7,6.0,3,25.3,0,0.248,Low
108,Chennai,India,13.0827,80.2707,2024-12-01,2024,12,26.51,76.9,0,50.5,23.8,0,148.04,94.2,6.0,2,21.3,0,0.267,Medium
109,Chennai,India,13.0827,80.2707,2025-01-01,2025,1,26.19,91.4,1,48.6,26.7,1,155.53,98.9,7.2,2,20.1,3,0.325,Medium
110,Chennai,India,13.0827,80.2707,2025-02-01,2025,2,26.33,147.2,1,53.1,35.2,0,145.78,96.47,9.4,1,19.8,1,0.293,Medium
111,Chennai,India,13.0827,80.2707,2025-03-01,2025,3,25.96,90.8,1,33.8,45.8,4,140.91,103.02,10.0,3,34.0,2,0.404,Medium
112,Chennai,India,13.0827,80.2707,2025-04-01,2025,4,28.99,128.7,2,26.0,38.8,0,138.29,95.54,9.7,0,22.2,0,0.233,Low
113,Chennai,India,13.0827,80.2707,2025-05-01,2025,5,30.57,219.3,2,44.6,49.1,1,143.96,99.26,8.5,1,24.8,0,0.353,Medium
114,Chennai,India,13.0827,80.2707,2025-06-01,2025,6,33.6,262.8,3,35.7,70.1,0,129.37,93.63,10.3,2,25.5,0,0.48,Medium
115,Chennai,India,13.0827,80.2707,2025-07-01,2025,7,31.89,400.8,1,29.7,79.1,1,136.48,101.73,8.2,3,27.5,1,0.471,Medium
116,Chennai,India,13.0827,80.2707,2025-08-01,2025,8,31.89,314.2,3,39.1,65.4,0,152.49,100.58,13.0,4,37.8,0,0.461,Medium
117,Chennai,India,13.0827,80.2707,2025-09-01,2025,9,30.53,136.5,1,42.8,47.1,0,157.44,99.43,6.4,1,21.8,1,0.294,Medium
118,Chennai,India,13.0827,80.2707,2025-10-01,2025,10,28.14,127.5,1,28.9,36.1,0,157.59,86.05,7.7,3,21.4,0,0.197,Low
119,Chennai,India,13.0827,80.2707,2025-11-01,2025,11,28.49,93.5,3,39.1,30.0,0,144.49,103.4,9.5,0,26.2,0,0.285,Medium
120,Chennai,India,13.0827,80.2707,2025-12-01,2025,12,27.09,154.1,1,45.4,39.7,0,152.73,95.68,8.6,0,18.2,2,0.258,Medium
481,Delhi,India,28.7041,77.1025,2016-01-01,2016,1,23.66,117.8,2,63.3,26.3,0,126.99,94.64,10.3,1,30.4,0,0.39,Medium
482,Delhi,India,28.7041,77.1025,2016-02-01,2016,2,25.06,130.1,1,28.2,22.5,1,125.63,91.96,7.2,2,22.4,0,0.248,Low
483,Delhi,India,28.7041,77.1025,2016-03-01,2016,3,26.16,95.5,0,41.3,27.0,0,132.59,96.17,6.2,2,21.6,1,0.22,Low
484,Delhi,India,28.7041,77.1025,2016-04-01,2016,4,28.55,99.7,1,17.7,15.2,0,136.72,91.61,5.8,1,16.3,1,0.152,Low
485,Delhi,India,28.7041,77.1025,2016-05-01,2016,5,28.14,236.9,0,24.8,37.3,1,123.14,88.84,7.5,0,21.6,1,0.196,Low
486,Delhi,India,28.7041,77.1025,2016-06-01,2016,6,26.97,314.0,2,23.0,49.5,1,116.31,98.1,7.4,2,32.5,0,0.325,Medium
487,Delhi,India,28.7041,77.1025,2016-07-01,2016,7,29.73,242.1,2,21.6,59.3,0,111.98,97.93,7.8,5,27.8,0,0.31,Medium
488,Delhi,India,28.7041,77.1025,2016-08-01,2016,8,29.85,259.6,4,24.9,51.4,1,119.01,99.09,11.0,2,31.3,0,0.404,Medium
489,Delhi,India,28.7041,77.1025,2016-09-01,2016,9,29.15,185.3,0,15.9,48.1,0,133.32,93.36,6.4,1,24.4,0,0.168,Low
490,Delhi,India,28.7041,77.1025,2016-10-01,2016,10,27.33,154.6,2,33.2,39.4,0,116.26,87.17,8.4,2,11.9,1,0.222,Low
491,Delhi,India,28.7041,77.1025,2016-11-01,2016,11,25.2,104.5,1,20.6,37.4,0,139.08,84.19,5.6,2,29.7,0,0.241,Low
492,Delhi,India,28.7041,77.1025,2016-12-01,2016,12,25.88,42.9,1,46.6,33.3,0,121.54,90.21,8.4,0,13.6,1,0.311,Medium
493,Delhi,India,28.7041,77.1025,2017-01-01,2017,1,23.29,160.1,0,42.4,30.1,0,115.6,92.3,6.6,2,15.6,2,0.271,Medium
494,Delhi,India,28.7041,77.1025,2017-02-01,2017,2,24.31,107.9,0,33.0,23.1,0,142.52,95.36,3.4,2,16.5,0,0.236,Low
495,Delhi,India,28.7041,77.1025,2017-03-01,2017,3,24.78,112.0,1,36.6,35.2,0,115.01,89.83,6.3,2,20.4,0,0.283,Medium
496,Delhi,India,28.7041,77.1025,2017-04-01,2017,4,27.17,137.4,3,12.5,41.8,1,130.92,93.94,7.6,0,32.0,1,0.246,Low
497,Delhi,India,28.7041,77.1025,2017-05-01,2017,5,29.93,209.1,1,25.3,44.9,0,134.41,93.37,5.7,5,15.6,0,0.25,Medium
498,Delhi,India,28.7041,77.1025,2017-06-01,2017,6,29.66,268.1,6,13.6,65.1,0,120.85,99.16,10.4,1,35.7,1,0.438,Medium
499,Delhi,India,28.7041,77.1025,2017-07-01,2017,7,30.07,204.8,4,28.7,44.3,0,119.83,95.82,10.3,3,25.9,2,0.353,Medium
500,Delhi,India,28.7041,77.1025,2017-08-01,2017,8,28.43,272.2,3,17.6,43.6,0,130.4,94.02,7.3,1,26.3,2,0.285,Medium
501,Delhi,India,28.7041,77.1025,2017-09-01,2017,9,28.47,118.6,2,21.4,48.5,0,135.62,98.42,8.2,1,23.1,0,0.239,Low
502,Delhi,India,28.7041,77.1025,2017-10-01,2017,10,28.13,150.8,2,27.4,31.9,0,122.71,97.11,7.5,0,22.6,0,0.198,Low
503,Delhi,India,28.7041,77.1025,2017-11-01,2017,11,25.52,164.7,0,28.8,39.2,1,137.39,93.3,6.0,1,18.4,0,0.218,Low
504,Delhi,India,28.7041,77.1025,2017-12-01,2017,12,24.38,65.3,1,41.9,29.9,0,137.35,98.17,6.6,0,18.6,1,0.322,Medium
505,Delhi,India,28.7041,77.1025,2018-01-01,2018,1,25.12,133.1,1,32.9,23.9,1,132.15,95.4,8.8,2,23.8,1,0.258,Medium
506,Delhi,India,28.7041,77.1025,2018-02-01,2018,2,24.4,162.3,3,47.4,28.5,0,123.11,99.73,9.0,2,31.3,0,0.343,Medium
507,Delhi,India,28.7041,77.1025,2018-03-01,2018,3,26.79,102.0,1,49.1,19.3,2,133.53,93.74,9.6,3,23.7,2,0.286,Medium
508,Delhi,India,28.7041,77.1025,2018-04-01,2018,4,26.24,146.9,1,47.3,22.1,0,135.56,91.09,9.0,0,16.5,0,0.228,Low
509,Delhi,India,28.7041,77.1025,2018-05-01,2018,5,29.32,83.6,2,25.7,49.3,0,122.59,92.82,8.7,1,27.1,0,0.292,Medium
510,Delhi,India,28.7041,77.1025,2018-06-01,2018,6,31.21,293.8,1,31.3,57.8,0,128.0,94.1,4.9,0,23.0,0,0.367,Medium
511,Delhi,India,28.7041,77.1025,2018-07-01,2018,7,31.11,271.2,1,10.8,57.5,1,136.09,94.82,8.3,2,27.8,0,0.327,Medium
512,Delhi,India,28.7041,77.1025,2018-08-01,2018,8,28.41,239.6,4,37.0,39.6,1,124.5,100.36,9.5,4,27.7,1,0.363,Medium
513,Delhi,India,28.7041,77.1025,2018-09-01,2018,9,28.31,234.4,4,31.2,40.0,0,134.48,103.27,12.1,1,19.6,1,0.319,Medium
514,Delhi,India,28.7041,77.1025,2018-10-01,2018,10,27.14,189.2,0,21.1,21.4,0,135.69,92.02,5.9,0,12.4,0,0.112,Low
515,Delhi,India,28.7041,77.1025,2018-11-01,2018,11,26.65,139.4,0,44.9,38.2,0,127.37,91.03,5.9,1,16.1,0,0.212,Low
516,Delhi,India,28.7041,77.1025,2018-12-01,2018,12,23.69,184.3,0,40.3,25.9,0,151.52,91.43,7.0,1,17.5,1,0.257,Medium
517,Delhi,India,28.7041,77.1025,2019-01-01,2019,1,23.54,57.9,0,41.3,22.4,0,124.98,95.79,6.2,0,14.5,1,0.302,Medium
518,Delhi,India,28.7041,77.1025,2019-02-01,2019,2,23.49,146.6,1,46.1,30.2,0,130.18,95.85,4.7,1,25.4,0,0.313,Medium
519,Delhi,India,28.7041,77.1025,2019-03-01,2019,3,25.22,114.7,0,26.5,25.5,0,140.26,94.96,7.0,0,14.8,1,0.196,Low
520,Delhi,India,28.7041,77.1025,2019-04-01,2019,4,26.39,88.5,0,33.2,40.4,1,140.87,92.15,6.7,4,22.6,2,0.247,Low
521,Delhi,India,28.7041,77.1025,2019-05-01,2019,5,30.18,117.9,0,16.6,37.4,0,143.09,88.48,7.9,1,17.3,0,0.192,Low
522,Delhi,India,28.7041,77.1025,2019-06-01,2019,6,29.49,274.4,2,16.6,41.9,0,150.42,91.62,7.2,3,23.0,0,0.278,Medium
523,Delhi,India,28.7041,77.1025,2019-07-01,2019,7,30.97,305.0,0,17.7,39.9,1,135.43,91.33,8.9,4,19.8,0,0.295,Medium
524,Delhi,India,28.7041,77.1025,2019-08-01,2019,8,30.04,303.6,2,31.1,51.4,0,126.34,92.13,8.9,1,27.5,1,0.36,Medium
525,Delhi,India,28.7041,77.1025,2019-09-01,2019,9,28.94,242.1,4,20.1,38.6,1,126.95,99.07,11.3,0,26.1,1,0.336,Medium
526,Delhi,India,28.7041,77.1025,2019-10-01,2019,10,26.98,89.1,3,14.2,20.0,0,133.34,94.42,6.5,1,28.6,0,0.217,Low
527,Delhi,India,28.7041,77.1025,2019-11-01,2019,11,26.58,171.6,3,30.2,38.3,0,131.98,99.79,9.0,3,24.5,1,0.264,Medium
528,Delhi,India,28.7041,77.1025,2019-12-01,2019,12,25.0,175.9,3,42.1,34.7,1,122.6,92.72,7.1,1,23.2,1,0.356,Medium
529,Delhi,India,28.7041,77.1025,2020-01-01,2020,1,24.56,109.6,2,35.6,29.8,0,140.73,91.34,7.5,2,23.8,0,0.309,Medium
530,Delhi,India,28.7041,77.1025,2020-02-01,2020,2,24.42,121.1,2,33.1,39.6,0,137.37,97.07,5.7,3,19.5,0,0.318,Medium
531,Delhi,India,28.7041,77.1025,2020-03-01,2020,3,25.66,82.6,2,51.9,34.6,1,122.41,97.81,7.6,2,31.7,0,0.367,Medium
532,Delhi,India,28.7041,77.1025,2020-04-01,2020,4,27.98,179.2,3,18.1,24.2,0,142.92,94.16,6.2,0,33.6,1,0.19,Low
533,Delhi,India,28.7041,77.1025,2020-05-01,2020,5,29.2,134.5,1,22.4,35.2,1,130.88,97.72,8.5,1,18.5,1,0.223,Low
534,Delhi,India,28.7041,77.1025,2020-06-01,2020,6,30.23,271.3,3,22.1,57.4,3,117.45,98.5,11.4,3,37.7,0,0.443,Medium
535,Delhi,India,28.7041,77.1025,2020-07-01,2020,7,29.94,246.1,1,21.6,57.8,0,137.93,91.53,7.5,0,13.3,0,0.284,Medium
536,Delhi,India,28.7041,77.1025,2020-08-01,2020,8,31.7,205.6,2,30.0,52.8,2,118.05,96.14,9.8,1,33.2,1,0.403,Medium
537,Delhi,India,28.7041,77.1025,2020-09-01,2020,9,28.68,120.0,4,32.6,36.6,1,134.35,92.85,11.8,3,26.9,0,0.338,Medium
538,Delhi,India,28.7041,77.1025,2020-10-01,2020,10,27.55,111.4,2,22.6,34.3,0,118.4,93.99,7.4,0,18.7,1,0.204,Low
539,Delhi,India,28.7041,77.1025,2020-11-01,2020,11,25.93,69.4,2,25.1,24.7,0,131.93,91.56,7.5,0,15.5,0,0.259,Medium
540,Delhi,India,28.7041,77.1025,2020-12-01,2020,12,26.56,122.3,1,52.5,29.3,1,146.79,93.35,7.5,0,29.0,0,0.283,Medium
541,Delhi,India,28.7041,77.1025,2021-01-01,2021,1,24.37,190.8,0,44.2,40.1,0,135.47,89.91,8.6,1,25.2,0,0.277,Medium
542,Delhi,India,28.7041,77.1025,2021-02-01,2021,2,24.71,128.0,2,56.2,25.4,1,130.7,96.87,11.0,2,27.9,1,0.363,Medium
543,Delhi,India,28.7041,77.1025,2021-03-01,2021,3,26.21,199.9,3,17.0,19.0,0,148.22,91.2,7.3,0,17.5,0,0.222,Low
544,Delhi,India,28.7041,77.1025,2021-04-01,2021,4,27.08,80.7,2,26.6,22.6,0,134.8,93.75,6.2,0,28.9,0,0.222,Low
545,Delhi,India,28.7041,77.1025,2021-05-01,2021,5,29.23,143.8,0,40.3,49.5,0,145.98,94.39,4.6,0,17.0,0,0.231,Low
546,Delhi,India,28.7041,77.1025,2021-06-01,2021,6,32.15,208.8,1,22.2,53.4,1,145.99,94.25,6.9,1,13.8,0,0.342,Medium
547,Delhi,India,28.7041,77.1025,2021-07-01,2021,7,30.9,267.4,2,23.2,54.1,0,141.62,93.88,4.8,2,26.6,1,0.35,Medium
548,Delhi,India,28.7041,77.1025,2021-08-01,2021,8,30.48,358.8,2,27.4,48.1,1,126.18,97.07,7.6,2,21.5,0,0.411,Medium
549,Delhi,India,28.7041,77.1025,2021-09-01,2021,9,28.61,128.5,0,20.5,45.9,0,139.66,91.37,6.7,0,22.9,1,0.168,Low
550,Delhi,India,28.7041,77.1025,2021-10-01,2021,10,29.06,144.8,1,22.5,24.1,0,162.93,95.51,6.2,1,16.2,1,0.169,Low
551,Delhi,India,28.7041,77.1025,2021-11-01,2021,11,27.75,92.0,1,32.3,32.1,0,139.08,93.67,10.4,1,23.3,1,0.2,Low
552,Delhi,India,28.7041,77.1025,2021-12-01,2021,12,25.79,111.0,3,37.3,24.9,0,159.7,98.64,7.7,2,32.0,1,0.302,Medium
553,Delhi,India,28.7041,77.1025,2022-01-01,2022,1,25.24,69.7,0,54.8,23.7,0,155.53,94.09,6.0,2,13.4,0,0.285,Medium
554,Delhi,India,28.7041,77.1025,2022-02-01,2022,2,24.94,155.2,0,46.0,25.5,0,148.15,87.84,8.0,2,15.8,0,0.23,Low
555,Delhi,India,28.7041,77.1025,2022-03-01,2022,3,26.55,118.2,0,37.0,27.4,0,147.54,89.64,3.2,1,17.3,0,0.188,Low
556,Delhi,India,28.7041,77.1025,2022-04-01,2022,4,27.08,163.5,0,31.5,29.7,0,142.77,90.95,3.8,1,25.0,0,0.14,Low
557,Delhi,India,28.7041,77.1025,2022-05-01,2022,5,28.36,202.0,1,22.9,44.1,0,143.02,95.49,8.0,1,17.3,0,0.197,Low
558,Delhi,India,28.7041,77.1025,2022-06-01,2022,6,29.18,172.6,3,18.8,25.8,1,134.75,101.63,8.3,3,22.9,1,0.248,Low
559,Delhi,India,28.7041,77.1025,2022-07-01,2022,7,31.11,313.9,2,20.2,49.3,0,141.38,93.0,7.5,1,25.7,1,0.364,Medium
560,Delhi,India,28.7041,77.1025,2022-08-01,2022,8,29.29,169.4,0,25.0,48.9,2,131.32,95.47,6.9,1,22.0,0,0.237,Low
561,Delhi,India,28.7041,77.1025,2022-09-01,2022,9,28.9,120.2,3,16.5,53.0,0,130.38,98.24,8.9,2,26.6,0,0.277,Medium
562,Delhi,India,28.7041,77.1025,2022-10-01,2022,10,27.76,83.3,3,21.0,22.4,0,152.11,93.92,6.4,4,15.0,0,0.223,Low
563,Delhi,India,28.7041,77.1025,2022-11-01,2022,11,27.12,83.8,1,30.9,31.1,0,134.28,97.48,6.9,2,31.0,1,0.214,Low
564,Delhi,India,28.7041,77.1025,2022-12-01,2022,12,24.77,175.8,1,59.3,40.5,1,145.81,92.71,7.3,0,20.7,0,0.351,Medium
565,Delhi,India,28.7041,77.1025,2023-01-01,2023,1,25.73,113.2,1,22.8,20.8,0,134.58,93.35,5.8,1,16.1,0,0.197,Low
566,Delhi,India,28.7041,77.1025,2023-02-01,2023,2,26.0,169.9,5,40.9,32.8,1,138.9,102.58,14.1,3,34.2,0,0.382,Medium
567,Delhi,India,28.7041,77.1025,2023-03-01,2023,3,25.5,97.3,0,48.8,24.4,0,145.95,95.36,5.8,0,28.3,2,0.25,Medium
568,Delhi,India,28.7041,77.1025,2023-04-01,2023,4,28.77,132.7,2,26.0,26.5,1,152.36,95.16,7.9,2,17.7,0,0.237,Low
569,Delhi,India,28.7041,77.1025,2023-05-01,2023,5,29.15,214.0,1,31.0,36.9,2,139.15,98.97,8.5,0,36.6,0,0.281,Medium
570,Delhi,India,28.7041,77.1025,2023-06-01,2023,6,30.09,277.7,2,25.8,46.5,0,130.1,93.89,8.2,1,27.5,0,0.326,Medium
571,Delhi,India,28.7041,77.1025,2023-07-01,2023,7,30.68,251.4,1,19.7,74.1,0,142.98,92.27,8.6,0,25.8,0,0.331,Medium
572,Delhi,India,28.7041,77.1025,2023-08-01,2023,8,30.51,234.8,2,7.1,57.6,0,146.44,91.28,8.0,0,17.8,1,0.289,Medium
573,Delhi,India,28.7041,77.1025,2023-09-01,2023,9,29.09,183.1,1,26.6,50.2,0,145.48,89.22,7.7,2,24.6,0,0.226,Low
574,Delhi,India,28.7041,77.1025,2023-10-01,2023,10,27.26,53.9,1,18.8,33.4,0,153.04,90.57,6.2,2,15.2,0,0.201,Low
575,Delhi,India,28.7041,77.1025,2023-11-01,2023,11,25.84,116.6,2,28.6,18.8,1,141.33,95.57,8.1,1,30.0,1,0.26,Medium
576,Delhi,India,28.7041,77.1025,2023-12-01,2023,12,25.46,104.7,2,38.3,32.8,0,136.82,93.93,7.5,4,18.7,1,0.3,Medium
577,Delhi,India,28.7041,77.1025,2024-01-01,2024,1,24.83,143.2,0,59.0,37.5,0,140.48,94.06,4.6,0,21.0,0,0.292,Medium
578,Delhi,India,28.7041,77.1025,2024-02-01,2024,2,25.79,123.7,2,61.6,24.0,1,138.64,100.9,13.2,3,25.5,2,0.347,Medium
579,Delhi,India,28.7041,77.1025,2024-03-01,2024,3,26.52,173.5,1,36.7,36.8,0,144.46,91.77,8.3,1,16.4,0,0.217,Low
580,Delhi,India,28.7041,77.1025,2024-04-01,2024,4,28.05,122.8,2,21.3,34.9,1,162.34,102.25,6.8,1,28.5,1,0.226,Low
581,Delhi,India,28.7041,77.1025,2024-05-01,2024,5,29.97,172.5,2,15.6,55.5,0,155.54,96.82,8.2,2,26.2,0,0.258,Medium
582,Delhi,India,28.7041,77.1025,2024-06-01,2024,6,31.74,252.2,3,28.7,48.7,1,146.71,97.46,7.7,3,35.8,1,0.424,Medium
583,Delhi,India,28.7041,77.1025,2024-07-01,2024,7,32.19,299.0,4,39.3,47.3,1,142.34,99.39,10.1,4,24.5,0,0.516,High
584,Delhi,India,28.7041,77.1025,2024-08-01,2024,8,31.7,179.0,5,23.0,49.1,0,143.37,95.78,7.9,1,36.5,0,0.409,Medium
585,Delhi,India,28.7041,77.1025,2024-09-01,2024,9,30.24,166.4,2,6.0,52.5,1,148.63,95.31,8.2,0,37.5,1,0.259,Medium
586,Delhi,India,28.7041,77.1025,2024-10-01,2024,10,29.72,92.2,0,30.4,17.2,1,153.01,85.38,4.0,2,16.4,0,0.215,Low
587,Delhi,India,28.7041,77.1025,2024-11-01,2024,11,26.91,136.4,2,42.9,15.5,2,144.82,100.82,9.8,1,37.5,0,0.274,Medium
588,Delhi,India,28.7041,77.1025,2024-12-01,2024,12,25.73,141.1,2,29.6,30.6,1,132.45,87.05,9.4,4,23.9,0,0.273,Medium
589,Delhi,India,28.7041,77.1025,2025-01-01,2025,1,26.88,124.0,2,46.4,26.9,0,145.85,94.83,6.7,0,16.9,1,0.26,Medium
590,Delhi,India,28.7041,77.1025,2025-02-01,2025,2,23.31,20.9,0,45.9,30.1,1,148.35,90.33,7.7,1,20.6,1,0.378,Medium
591,Delhi,India,28.7041,77.1025,2025-03-01,2025,3,26.43,53.9,1,34.4,36.6,0,145.93,91.05,5.8,3,26.3,1,0.266,Medium
592,Delhi,India,28.7041,77.1025,2025-04-01,2025,4,29.11,110.4,3,18.7,26.1,0,146.0,92.47,8.4,0,18.7,1,0.246,Low
593,Delhi,India,28.7041,77.1025,2025-05-01,2025,5,30.4,174.9,0,33.1,29.4,0,156.57,96.97,5.0,0,14.5,0,0.205,Low
594,Delhi,India,28.7041,77.1025,2025-06-01,2025,6,32.78,250.1,0,21.8,66.0,1,155.16,91.24,9.0,1,26.5,2,0.371,Medium
595,Delhi,India,28.7041,77.1025,2025-07-01,2025,7,31.23,251.2,1,13.1,48.0,0,155.13,95.23,4.0,4,19.9,1,0.283,Medium
596,Delhi,India,28.7041,77.1025,2025-08-01,2025,8,30.4,311.2,2,8.6,44.2,1,154.79,98.49,6.6,0,27.3,1,0.331,Medium
597,Delhi,India,28.7041,77.1025,2025-09-01,2025,9,29.39,103.2,2,35.1,50.2,0,154.41,88.49,6.7,2,26.4,0,0.308,Medium
598,Delhi,India,28.7041,77.1025,2025-10-01,2025,10,28.42,132.1,0,29.9,27.3,0,154.07,88.99,6.2,0,19.3,0,0.151,Low
599,Delhi,India,28.7041,77.1025,2025-11-01,2025,11,27.98,153.1,1,35.7,29.6,0,157.23,97.22,7.7,1,18.2,0,0.178,Low
600,Delhi,India,28.7041,77.1025,2025-12-01,2025,12,26.9,148.1,3,38.8,33.4,0,136.89,92.08,9.1,4,27.3,1,0.271,Medium
601,Hyderabad,India,17.385,78.4867,2016-01-01,2016,1,23.6,122.1,0,46.1,20.6,1,130.59,97.83,6.4,2,27.5,1,0.279,Medium
602,Hyderabad,India,17.385,78.4867,2016-02-01,2016,2,22.91,151.2,0,40.9,19.6,1,128.46,88.79,7.2,1,22.1,0,0.268,Medium
603,Hyderabad,India,17.385,78.4867,2016-03-01,2016,3,24.05,105.0,1,42.3,11.6,1,126.49,89.66,8.1,0,28.1,0,0.282,Medium
604,Hyderabad,India,17.385,78.4867,2016-04-01,2016,4,26.88,182.7,0,23.4,24.1,0,134.79,91.26,5.2,0,14.8,1,0.115,Low
605,Hyderabad,India,17.385,78.4867,2016-05-01,2016,5,28.39,148.5,1,34.8,36.1,1,129.74,98.86,8.6,1,27.1,0,0.236,Low
606,Hyderabad,India,17.385,78.4867,2016-06-01,2016,6,28.94,250.2,4,24.3,50.2,2,107.17,97.7,10.3,1,43.1,0,0.417,Medium
607,Hyderabad,India,17.385,78.4867,2016-07-01,2016,7,30.08,297.4,2,28.5,49.5,0,135.83,97.11,10.4,3,25.4,0,0.369,Medium
608,Hyderabad,India,17.385,78.4867,2016-08-01,2016,8,28.13,168.8,0,17.4,44.7,0,119.36,93.18,7.2,0,15.0,0,0.151,Low
609,Hyderabad,India,17.385,78.4867,2016-09-01,2016,9,27.7,166.3,1,20.1,44.7,0,125.14,87.14,4.7,0,11.1,2,0.176,Low
610,Hyderabad,India,17.385,78.4867,2016-10-01,2016,10,27.81,165.7,0,27.3,14.8,0,134.24,92.48,3.3,0,13.4,0,0.112,Low
611,Hyderabad,India,17.385,78.4867,2016-11-01,2016,11,25.05,166.3,0,42.9,27.8,1,132.76,96.34,5.3,1,24.4,0,0.235,Low
612,Hyderabad,India,17.385,78.4867,2016-12-01,2016,12,24.01,113.1,0,43.2,12.3,1,142.69,91.74,7.4,2,23.2,0,0.251,Medium
613,Hyderabad,India,17.385,78.4867,2017-01-01,2017,1,25.36,90.6,2,39.3,18.1,2,111.14,101.64,7.2,2,30.2,1,0.315,Medium
614,Hyderabad,India,17.385,78.4867,2017-02-01,2017,2,22.81,158.2,0,48.3,15.5,0,130.12,94.96,5.2,0,13.8,0,0.257,Medium
615,Hyderabad,India,17.385,78.4867,2017-03-01,2017,3,25.68,167.3,0,12.5,29.5,0,121.11,90.38,5.6,0,3.9,0,0.123,Low
616,Hyderabad,India,17.385,78.4867,2017-04-01,2017,4,27.88,73.4,1,8.6,23.5,0,135.05,89.75,5.4,0,13.2,1,0.151,Low
617,Hyderabad,India,17.385,78.4867,2017-05-01,2017,5,27.8,131.8,1,25.5,36.4,0,134.05,90.19,7.0,0,17.7,0,0.182,Low
618,Hyderabad,India,17.385,78.4867,2017-06-01,2017,6,29.86,232.9,2,20.1,37.9,0,141.49,94.43,5.7,2,20.2,0,0.288,Medium
619,Hyderabad,India,17.385,78.4867,2017-07-01,2017,7,28.79,265.2,2,24.8,46.9,1,127.55,98.87,9.6,0,29.5,0,0.329,Medium
620,Hyderabad,India,17.385,78.4867,2017-08-01,2017,8,28.64,212.0,2,20.5,40.3,0,137.83,93.76,6.5,1,32.0,1,0.25,Low
621,Hyderabad,India,17.385,78.4867,2017-09-01,2017,9,28.41,207.2,0,24.6,39.2,0,139.46,84.96,5.2,0,17.1,0,0.186,Low
622,Hyderabad,India,17.385,78.4867,2017-10-01,2017,10,27.25,91.6,1,13.5,17.1,2,128.4,98.18,7.6,0,20.4,0,0.175,Low
623,Hyderabad,India,17.385,78.4867,2017-11-01,2017,11,26.02,35.4,1,34.6,33.3,0,123.02,94.09,6.9,0,18.6,1,0.261,Medium
624,Hyderabad,India,17.385,78.4867,2017-12-01,2017,12,25.29,103.0,1,45.3,12.3,0,136.14,91.68,6.4,2,19.3,0,0.233,Low
625,Hyderabad,India,17.385,78.4867,2018-01-01,2018,1,23.59,122.5,1,49.8,18.4,1,120.42,97.8,6.6,1,18.8,0,0.315,Medium
626,Hyderabad,India,17.385,78.4867,2018-02-01,2018,2,25.01,109.0,0,53.4,35.7,0,143.14,97.84,6.2,0,20.1,0,0.268,Medium
627,Hyderabad,India,17.385,78.4867,2018-03-01,2018,3,24.89,73.7,0,32.0,21.0,0,136.69,82.41,5.3,2,17.4,0,0.211,Low
628,Hyderabad,India,17.385,78.4867,2018-04-01,2018,4,27.39,47.4,1,22.2,14.8,0,145.59,92.73,3.6,3,17.3,1,0.169,Low
629,Hyderabad,India,17.385,78.4867,2018-05-01,2018,5,28.35,159.4,1,7.8,38.0,0,133.15,87.75,5.3,0,19.6,0,0.148,Low
630,Hyderabad,India,17.385,78.4867,2018-06-01,2018,6,29.64,259.8,0,15.7,42.3,0,139.92,92.66,6.1,1,17.9,1,0.231,Low
631,Hyderabad,India,17.385,78.4867,2018-07-01,2018,7,30.04,290.2,5,18.5,43.1,0,127.06,100.24,8.2,3,22.3,1,0.423,Medium
632,Hyderabad,India,17.385,78.4867,2018-08-01,2018,8,28.02,271.4,1,28.4,38.0,0,134.89,95.32,8.5,1,23.0,0,0.248,Low
633,Hyderabad,India,17.385,78.4867,2018-09-01,2018,9,27.32,147.4,3,15.1,55.9,0,127.01,95.61,10.6,1,23.0,0,0.233,Low
634,Hyderabad,India,17.385,78.4867,2018-10-01,2018,10,26.81,73.9,0,26.4,22.2,0,142.66,84.9,3.3,1,9.2,0,0.148,Low
635,Hyderabad,India,17.385,78.4867,2018-11-01,2018,11,23.89,139.9,1,30.0,10.5,0,131.94,90.32,7.8,1,11.1,1,0.211,Low
636,Hyderabad,India,17.385,78.4867,2018-12-01,2018,12,24.82,145.4,1,35.9,34.5,0,127.24,94.91,6.7,2,22.4,0,0.24,Low
637,Hyderabad,India,17.385,78.4867,2019-01-01,2019,1,24.46,136.0,1,42.0,28.3,0,144.75,96.73,7.5,0,19.1,0,0.258,Medium
638,Hyderabad,India,17.385,78.4867,2019-02-01,2019,2,24.43,39.4,1,34.2,18.6,0,143.08,88.98,5.5,2,9.7,0,0.274,Medium
639,Hyderabad,India,17.385,78.4867,2019-03-01,2019,3,24.38,85.3,2,26.6,17.5,0,137.06,96.68,8.2,0,22.5,0,0.262,Medium
640,Hyderabad,India,17.385,78.4867,2019-04-01,2019,4,27.89,118.8,1,6.4,28.7,0,151.9,89.36,6.2,1,8.8,0,0.131,Low
641,Hyderabad,India,17.385,78.4867,2019-05-01,2019,5,29.93,199.5,0,18.0,34.8,0,139.24,91.89,4.1,0,15.8,1,0.199,Low
642,Hyderabad,India,17.385,78.4867,2019-06-01,2019,6,29.53,254.6,2,16.2,32.2,1,143.72,94.05,6.1,1,24.8,1,0.296,Medium
643,Hyderabad,India,17.385,78.4867,2019-07-01,2019,7,30.23,245.8,1,15.9,61.5,0,137.94,94.71,4.9,0,25.5,0,0.306,Medium
644,Hyderabad,India,17.385,78.4867,2019-08-01,2019,8,29.59,237.2,4,23.3,42.6,0,123.45,101.14,9.7,1,37.6,1,0.362,Medium
645,Hyderabad,India,17.385,78.4867,2019-09-01,2019,9,28.76,183.4,0,25.3,47.0,1,150.7,90.13,7.8,0,13.6,0,0.224,Low
646,Hyderabad,India,17.385,78.4867,2019-10-01,2019,10,26.75,147.4,1,21.9,32.9,0,146.62,90.59,7.3,0,18.1,0,0.15,Low
647,Hyderabad,India,17.385,78.4867,2019-11-01,2019,11,25.33,132.5,0,38.0,17.0,0,141.47,91.51,5.2,1,14.0,2,0.176,Low
648,Hyderabad,India,17.385,78.4867,2019-12-01,2019,12,25.0,122.6,0,41.9,31.2,1,143.42,101.08,5.2,1,22.7,1,0.25,Low
649,Hyderabad,India,17.385,78.4867,2020-01-01,2020,1,25.76,109.3,2,37.6,19.4,0,134.81,91.89,6.3,0,22.7,0,0.242,Low
650,Hyderabad,India,17.385,78.4867,2020-02-01,2020,2,23.17,123.3,0,33.6,10.9,0,149.89,96.37,6.8,0,12.4,1,0.217,Low
651,Hyderabad,India,17.385,78.4867,2020-03-01,2020,3,25.32,139.4,2,32.5,21.0,0,121.63,100.25,6.4,2,19.0,0,0.229,Low
652,Hyderabad,India,17.385,78.4867,2020-04-01,2020,4,25.97,130.7,1,24.6,26.8,1,131.74,93.8,7.3,0,15.4,0,0.201,Low
653,Hyderabad,India,17.385,78.4867,2020-05-01,2020,5,29.69,195.2,2,31.2,33.3,0,144.76,94.08,5.9,0,27.5,2,0.282,Medium
654,Hyderabad,India,17.385,78.4867,2020-06-01,2020,6,29.06,277.6,3,29.5,43.5,3,125.63,100.24,12.0,4,37.9,3,0.43,Medium
655,Hyderabad,India,17.385,78.4867,2020-07-01,2020,7,28.79,250.6,4,15.7,57.0,1,131.59,100.4,9.9,0,37.1,1,0.38,Medium
656,Hyderabad,India,17.385,78.4867,2020-08-01,2020,8,30.06,198.0,3,19.2,46.4,1,124.04,94.21,11.0,1,27.1,0,0.344,Medium
657,Hyderabad,India,17.385,78.4867,2020-09-01,2020,9,29.86,215.3,0,25.4,30.6,0,157.59,90.79,6.6,1,12.2,0,0.216,Low
658,Hyderabad,India,17.385,78.4867,2020-10-01,2020,10,27.5,65.4,0,28.5,28.9,0,153.05,95.61,4.8,1,10.3,0,0.172,Low
659,Hyderabad,India,17.385,78.4867,2020-11-01,2020,11,25.64,76.7,1,37.5,25.4,1,138.01,93.04,7.3,3,24.1,0,0.267,Medium
660,Hyderabad,India,17.385,78.4867,2020-12-01,2020,12,24.72,133.4,2,36.8,6.3,1,136.29,94.51,6.9,2,17.8,1,0.257,Medium
661,Hyderabad,India,17.385,78.4867,2021-01-01,2021,1,25.13,140.7,1,30.0,27.0,0,150.2,87.68,4.3,2,27.9,0,0.206,Low
662,Hyderabad,India,17.385,78.4867,2021-02-01,2021,2,23.71,70.2,2,29.3,26.7,0,154.77,95.53,6.0,1,15.0,1,0.311,Medium
663,Hyderabad,India,17.385,78.4867,2021-03-01,2021,3,25.43,104.7,0,32.2,24.1,0,152.66,91.84,5.8,2,16.9,0,0.186,Low
664,Hyderabad,India,17.385,78.4867,2021-04-01,2021,4,26.67,95.8,0,22.7,30.2,0,161.81,91.01,5.8,0,23.0,0,0.146,Low
665,Hyderabad,India,17.385,78.4867,2021-05-01,2021,5,27.61,160.5,3,11.2,31.8,0,133.83,94.57,7.9,1,26.0,0,0.188,Low
666,Hyderabad,India,17.385,78.4867,2021-06-01,2021,6,29.39,261.7,2,20.4,48.0,0,134.76,94.36,7.2,0,23.9,1,0.31,Medium
667,Hyderabad,India,17.385,78.4867,2021-07-01,2021,7,30.95,268.3,1,25.0,38.0,0,135.38,94.7,8.0,1,14.5,0,0.317,Medium
668,Hyderabad,India,17.385,78.4867,2021-08-01,2021,8,30.12,223.2,2,10.8,48.5,0,145.01,94.54,7.5,0,15.0,1,0.286,Medium
669,Hyderabad,India,17.385,78.4867,2021-09-01,2021,9,29.1,158.2,2,28.8,50.2,0,141.42,96.91,9.1,4,28.1,0,0.271,Medium
670,Hyderabad,India,17.385,78.4867,2021-10-01,2021,10,27.21,66.0,1,17.0,17.0,1,143.79,93.56,3.8,0,26.4,0,0.171,Low
671,Hyderabad,India,17.385,78.4867,2021-11-01,2021,11,26.02,176.8,0,40.1,18.7,0,153.29,94.58,0.0,0,13.7,0,0.166,Low
672,Hyderabad,India,17.385,78.4867,2021-12-01,2021,12,23.87,143.7,0,33.1,19.0,0,157.16,92.79,5.7,3,9.4,0,0.201,Low
673,Hyderabad,India,17.385,78.4867,2022-01-01,2022,1,23.87,91.7,1,31.8,24.9,0,135.04,93.34,4.2,1,6.3,0,0.267,Medium
674,Hyderabad,India,17.385,78.4867,2022-02-01,2022,2,24.69,148.8,0,33.7,16.6,0,144.93,95.19,4.9,0,9.9,0,0.173,Low
675,Hyderabad,India,17.385,78.4867,2022-03-01,2022,3,25.86,117.2,1,29.2,26.9,0,152.09,93.99,5.9,0,18.0,0,0.197,Low
676,Hyderabad,India,17.385,78.4867,2022-04-01,2022,4,27.41,108.5,1,16.9,29.9,2,139.24,99.39,10.2,0,31.4,0,0.201,Low
677,Hyderabad,India,17.385,78.4867,2022-05-01,2022,5,28.55,197.4,3,18.3,40.2,0,136.0,98.09,8.8,2,28.2,1,0.265,Medium
678,Hyderabad,India,17.385,78.4867,2022-06-01,2022,6,29.47,194.3,3,22.7,33.3,0,149.28,90.57,8.4,1,26.0,1,0.287,Medium
679,Hyderabad,India,17.385,78.4867,2022-07-01,2022,7,32.71,226.2,0,18.6,56.0,0,138.82,96.2,7.4,1,15.8,0,0.327,Medium
680,Hyderabad,India,17.385,78.4867,2022-08-01,2022,8,30.51,228.8,1,19.5,52.2,0,143.83,94.18,7.5,1,17.5,0,0.296,Medium
681,Hyderabad,India,17.385,78.4867,2022-09-01,2022,9,29.03,160.0,1,6.3,42.3,1,148.31,93.75,6.3,1,27.7,0,0.195,Low
682,Hyderabad,India,17.385,78.4867,2022-10-01,2022,10,27.02,146.8,2,23.1,26.6,0,142.08,94.83,8.6,3,21.8,1,0.166,Low
683,Hyderabad,India,17.385,78.4867,2022-11-01,2022,11,25.36,194.8,2,29.3,25.5,0,151.38,93.29,5.5,0,10.9,0,0.242,Low
684,Hyderabad,India,17.385,78.4867,2022-12-01,2022,12,24.53,89.8,3,50.2,31.2,1,134.53,100.19,10.5,1,27.2,2,0.394,Medium
685,Hyderabad,India,17.385,78.4867,2023-01-01,2023,1,24.47,53.4,1,32.5,37.5,0,157.23,91.88,4.5,2,15.9,0,0.295,Medium
686,Hyderabad,India,17.385,78.4867,2023-02-01,2023,2,23.15,39.9,1,22.9,17.3,1,147.12,97.16,7.0,0,16.9,2,0.304,Medium
687,Hyderabad,India,17.385,78.4867,2023-03-01,2023,3,24.5,114.0,2,34.9,31.5,3,142.98,99.85,10.6,0,34.6,0,0.364,Medium
688,Hyderabad,India,17.385,78.4867,2023-04-01,2023,4,26.76,93.5,0,22.8,23.4,0,158.07,89.21,7.6,1,13.8,1,0.133,Low
689,Hyderabad,India,17.385,78.4867,2023-05-01,2023,5,28.95,188.3,1,11.9,35.6,0,146.03,89.37,3.7,2,17.1,0,0.185,Low
690,Hyderabad,India,17.385,78.4867,2023-06-01,2023,6,29.7,229.2,1,7.8,34.9,0,136.7,92.62,5.0,0,23.5,1,0.216,Low
691,Hyderabad,India,17.385,78.4867,2023-07-01,2023,7,31.48,175.9,2,32.3,47.0,1,145.4,98.23,10.2,1,23.8,0,0.372,Medium
692,Hyderabad,India,17.385,78.4867,2023-08-01,2023,8,28.72,151.3,1,31.3,38.7,0,149.45,94.83,7.4,3,29.5,0,0.214,Low
693,Hyderabad,India,17.385,78.4867,2023-09-01,2023,9,28.22,191.8,2,0.1,33.3,1,151.77,91.48,7.6,0,18.4,0,0.191,Low
694,Hyderabad,India,17.385,78.4867,2023-10-01,2023,10,28.55,125.4,0,16.3,16.3,0,153.96,84.64,3.2,0,13.2,0,0.116,Low
695,Hyderabad,India,17.385,78.4867,2023-11-01,2023,11,25.94,103.0,1,43.3,20.9,0,147.19,95.14,5.8,2,18.1,0,0.226,Low
696,Hyderabad,India,17.385,78.4867,2023-12-01,2023,12,25.46,53.7,1,33.5,21.2,0,165.54,97.08,8.2,2,19.0,0,0.242,Low
697,Hyderabad,India,17.385,78.4867,2024-01-01,2024,1,26.0,138.9,0,36.1,24.7,0,143.12,88.27,5.5,1,18.3,0,0.163,Low
698,Hyderabad,India,17.385,78.4867,2024-02-01,2024,2,24.22,170.9,1,35.1,12.7,1,155.25,98.62,7.5,3,22.7,2,0.245,Low
699,Hyderabad,India,17.385,78.4867,2024-03-01,2024,3,25.8,131.1,1,21.0,13.9,1,147.53,93.83,6.3,1,15.2,2,0.173,Low
700,Hyderabad,India,17.385,78.4867,2024-04-01,2024,4,27.17,86.1,0,6.4,26.5,0,154.58,89.44,2.8,0,7.1,0,0.094,Low
701,Hyderabad,India,17.385,78.4867,2024-05-01,2024,5,27.34,181.8,3,28.4,30.9,0,144.94,95.13,9.7,3,37.4,0,0.232,Low
702,Hyderabad,India,17.385,78.4867,2024-06-01,2024,6,29.76,169.3,2,5.3,53.2,0,144.3,90.42,8.1,0,19.4,1,0.243,Low
703,Hyderabad,India,17.385,78.4867,2024-07-01,2024,7,31.12,282.3,3,22.0,50.6,0,150.36,100.18,12.2,1,30.0,0,0.407,Medium
704,Hyderabad,India,17.385,78.4867,2024-08-01,2024,8,30.46,227.2,1,27.1,49.9,0,160.87,91.81,5.6,0,13.0,0,0.308,Medium
705,Hyderabad,India,17.385,78.4867,2024-09-01,2024,9,29.44,109.3,1,8.4,46.4,0,156.81,90.29,7.5,1,17.0,1,0.214,Low
706,Hyderabad,India,17.385,78.4867,2024-10-01,2024,10,27.15,108.0,0,12.6,21.8,0,158.93,92.54,2.7,0,12.3,2,0.088,Low
707,Hyderabad,India,17.385,78.4867,2024-11-01,2024,11,25.44,138.5,1,39.7,20.0,0,146.53,87.32,6.7,1,21.3,0,0.21,Low
708,Hyderabad,India,17.385,78.4867,2024-12-01,2024,12,25.89,106.7,1,41.6,30.1,0,156.17,89.2,8.4,2,6.8,0,0.238,Low
709,Hyderabad,India,17.385,78.4867,2025-01-01,2025,1,24.08,109.0,1,35.1,27.6,1,166.38,94.8,4.4,1,23.1,1,0.29,Medium
710,Hyderabad,India,17.385,78.4867,2025-02-01,2025,2,25.13,71.0,1,46.9,22.7,0,150.52,94.52,6.5,2,14.4,0,0.277,Medium
711,Hyderabad,India,17.385,78.4867,2025-03-01,2025,3,26.13,142.7,0,39.7,33.7,0,152.88,93.65,5.2,0,19.2,0,0.183,Low
712,Hyderabad,India,17.385,78.4867,2025-04-01,2025,4,28.68,94.1,0,22.2,22.5,1,152.18,91.04,4.9,0,12.0,0,0.186,Low
713,Hyderabad,India,17.385,78.4867,2025-05-01,2025,5,29.8,93.7,2,12.8,36.7,1,147.51,103.25,8.5,0,19.5,2,0.282,Medium
714,Hyderabad,India,17.385,78.4867,2025-06-01,2025,6,29.09,209.1,3,16.7,45.8,1,128.11,97.54,11.0,1,26.9,0,0.317,Medium
715,Hyderabad,India,17.385,78.4867,2025-07-01,2025,7,29.59,279.2,2,22.3,42.5,1,152.78,96.0,8.3,2,20.3,0,0.344,Medium
716,Hyderabad,India,17.385,78.4867,2025-08-01,2025,8,30.61,208.4,1,18.5,46.2,0,149.14,90.91,7.0,2,17.2,1,0.275,Medium
717,Hyderabad,India,17.385,78.4867,2025-09-01,2025,9,29.01,249.5,0,27.5,46.3,0,145.56,92.6,6.3,2,11.7,1,0.245,Low
718,Hyderabad,India,17.385,78.4867,2025-10-01,2025,10,27.21,137.2,2,7.8,27.1,0,161.35,94.82,6.5,0,9.8,0,0.135,Low
719,Hyderabad,India,17.385,78.4867,2025-11-01,2025,11,26.89,133.6,2,18.0,24.2,1,145.46,98.78,6.0,3,28.0,3,0.185,Low
720,Hyderabad,India,17.385,78.4867,2025-12-01,2025,12,25.14,114.9,0,38.8,22.9,1,153.95,88.63,8.2,1,12.7,0,0.228,Low
721,Jakarta,Indonesia,-6.2088,106.8456,2016-01-01,2016,1,27.38,163.6,1,43.6,50.8,0,78.52,59.84,6.9,2,32.9,0,0.293,Medium
722,Jakarta,Indonesia,-6.2088,106.8456,2016-02-01,2016,2,26.96,105.6,3,64.9,48.7,0,69.11,63.67,12.1,2,34.3,2,0.446,Medium
723,Jakarta,Indonesia,-6.2088,106.8456,2016-03-01,2016,3,26.71,148.7,2,49.1,47.0,1,72.14,60.79,10.2,1,33.3,0,0.382,Medium
724,Jakarta,Indonesia,-6.2088,106.8456,2016-04-01,2016,4,29.29,85.6,0,47.9,56.9,0,71.32,60.07,9.9,2,32.2,0,0.274,Medium
725,Jakarta,Indonesia,-6.2088,106.8456,2016-05-01,2016,5,30.43,221.2,2,43.1,56.3,1,72.37,58.13,12.3,0,29.0,0,0.327,Medium
726,Jakarta,Indonesia,-6.2088,106.8456,2016-06-01,2016,6,31.76,387.8,2,38.7,72.3,2,75.37,60.63,9.7,1,41.0,0,0.493,Medium
727,Jakarta,Indonesia,-6.2088,106.8456,2016-07-01,2016,7,31.97,349.1,5,41.6,60.4,1,70.96,64.2,12.3,2,35.7,0,0.533,High
728,Jakarta,Indonesia,-6.2088,106.8456,2016-08-01,2016,8,32.42,253.1,3,41.6,70.3,3,65.48,64.92,12.6,4,48.2,2,0.5,Medium
729,Jakarta,Indonesia,-6.2088,106.8456,2016-09-01,2016,9,30.66,237.5,3,51.8,58.7,1,71.85,63.34,9.3,2,35.9,1,0.398,Medium
730,Jakarta,Indonesia,-6.2088,106.8456,2016-10-01,2016,10,28.84,116.9,1,40.5,39.7,0,77.3,61.19,7.0,1,26.7,0,0.252,Medium
731,Jakarta,Indonesia,-6.2088,106.8456,2016-11-01,2016,11,28.23,167.9,3,52.3,50.8,1,71.86,57.24,15.4,1,34.7,0,0.377,Medium
732,Jakarta,Indonesia,-6.2088,106.8456,2016-12-01,2016,12,26.5,120.6,2,47.2,42.8,1,76.55,57.22,11.4,2,35.9,2,0.391,Medium
733,Jakarta,Indonesia,-6.2088,106.8456,2017-01-01,2017,1,26.02,103.1,1,59.6,60.1,1,76.13,61.19,13.7,4,32.6,0,0.442,Medium
734,Jakarta,Indonesia,-6.2088,106.8456,2017-02-01,2017,2,26.58,161.8,3,69.0,31.0,0,71.27,58.2,12.0,1,43.9,0,0.405,Medium
735,Jakarta,Indonesia,-6.2088,106.8456,2017-03-01,2017,3,27.37,124.8,1,53.4,49.7,0,76.92,68.95,8.2,0,35.6,0,0.336,Medium
736,Jakarta,Indonesia,-6.2088,106.8456,2017-04-01,2017,4,28.96,90.0,1,31.4,48.3,1,72.65,60.43,8.8,1,22.1,0,0.281,Medium
737,Jakarta,Indonesia,-6.2088,106.8456,2017-05-01,2017,5,29.99,286.2,1,32.2,58.5,1,69.86,59.09,10.7,1,30.9,2,0.295,Medium
738,Jakarta,Indonesia,-6.2088,106.8456,2017-06-01,2017,6,30.97,335.6,4,34.1,65.9,0,70.0,59.68,12.1,1,39.3,1,0.435,Medium
739,Jakarta,Indonesia,-6.2088,106.8456,2017-07-01,2017,7,31.18,360.1,0,48.0,73.5,0,74.6,57.28,8.4,2,25.9,0,0.375,Medium
740,Jakarta,Indonesia,-6.2088,106.8456,2017-08-01,2017,8,30.47,335.0,6,47.0,77.1,0,60.53,63.97,11.6,2,49.6,1,0.535,High
741,Jakarta,Indonesia,-6.2088,106.8456,2017-09-01,2017,9,29.8,197.2,0,12.4,48.8,2,79.44,58.64,13.8,1,32.4,0,0.172,Low
742,Jakarta,Indonesia,-6.2088,106.8456,2017-10-01,2017,10,28.87,98.9,0,39.3,42.4,1,64.55,56.75,8.5,4,26.0,0,0.256,Medium
743,Jakarta,Indonesia,-6.2088,106.8456,2017-11-01,2017,11,27.6,120.1,2,51.2,40.6,0,86.22,58.39,9.2,2,34.5,2,0.342,Medium
744,Jakarta,Indonesia,-6.2088,106.8456,2017-12-01,2017,12,26.21,112.2,2,49.6,40.3,0,81.36,63.16,9.8,0,17.3,0,0.379,Medium
745,Jakarta,Indonesia,-6.2088,106.8456,2018-01-01,2018,1,24.16,170.9,1,56.9,50.4,0,74.27,63.14,9.1,2,35.8,1,0.408,Medium
746,Jakarta,Indonesia,-6.2088,106.8456,2018-02-01,2018,2,27.71,128.7,0,68.0,52.1,0,76.03,59.42,9.4,0,32.4,1,0.333,Medium
747,Jakarta,Indonesia,-6.2088,106.8456,2018-03-01,2018,3,28.43,154.2,1,53.3,55.5,0,76.85,55.02,11.5,4,23.7,0,0.302,Medium
748,Jakarta,Indonesia,-6.2088,106.8456,2018-04-01,2018,4,29.43,120.4,1,36.0,52.2,0,74.44,59.83,8.6,2,27.9,0,0.245,Low
749,Jakarta,Indonesia,-6.2088,106.8456,2018-05-01,2018,5,32.11,282.3,1,38.5,65.3,1,75.48,64.52,8.5,2,21.4,1,0.378,Medium
750,Jakarta,Indonesia,-6.2088,106.8456,2018-06-01,2018,6,30.91,343.7,1,38.2,59.8,0,76.02,62.72,8.9,0,24.0,0,0.343,Medium
751,Jakarta,Indonesia,-6.2088,106.8456,2018-07-01,2018,7,33.61,360.5,0,42.3,83.4,0,75.96,61.09,8.7,2,34.2,0,0.445,Medium
752,Jakarta,Indonesia,-6.2088,106.8456,2018-08-01,2018,8,30.94,327.3,4,28.6,68.2,0,74.06,65.36,13.5,2,35.1,4,0.42,Medium
753,Jakarta,Indonesia,-6.2088,106.8456,2018-09-01,2018,9,30.81,201.8,3,34.6,67.7,0,68.79,60.63,12.6,4,33.0,0,0.332,Medium
754,Jakarta,Indonesia,-6.2088,106.8456,2018-10-01,2018,10,28.11,140.3,1,48.3,38.4,1,76.55,61.05,9.8,2,29.7,0,0.301,Medium
755,Jakarta,Indonesia,-6.2088,106.8456,2018-11-01,2018,11,27.65,118.4,1,49.4,46.3,1,76.67,57.49,8.1,2,30.2,0,0.341,Medium
756,Jakarta,Indonesia,-6.2088,106.8456,2018-12-01,2018,12,26.86,99.9,0,50.5,54.6,1,77.34,59.95,7.7,2,34.2,2,0.358,Medium
757,Jakarta,Indonesia,-6.2088,106.8456,2019-01-01,2019,1,26.04,164.3,2,53.5,48.2,0,75.25,63.59,10.1,0,27.7,2,0.38,Medium
758,Jakarta,Indonesia,-6.2088,106.8456,2019-02-01,2019,2,27.14,70.0,4,63.1,42.7,1,76.92,60.7,13.1,6,41.4,0,0.501,High
759,Jakarta,Indonesia,-6.2088,106.8456,2019-03-01,2019,3,27.76,103.1,4,45.9,57.2,1,70.94,59.77,11.9,0,33.2,1,0.451,Medium
760,Jakarta,Indonesia,-6.2088,106.8456,2019-04-01,2019,4,28.77,161.1,2,44.1,39.8,3,74.16,62.21,11.4,6,41.4,1,0.345,Medium
761,Jakarta,Indonesia,-6.2088,106.8456,2019-05-01,2019,5,30.25,252.6,1,35.0,60.4,0,83.79,57.82,8.2,3,25.9,0,0.27,Medium
762,Jakarta,Indonesia,-6.2088,106.8456,2019-06-01,2019,6,32.46,325.9,2,31.0,74.1,3,71.9,64.72,12.8,4,40.0,2,0.489,Medium
763,Jakarta,Indonesia,-6.2088,106.8456,2019-07-01,2019,7,31.7,370.0,5,42.0,87.7,1,71.1,62.91,10.6,2,42.8,1,0.587,High
764,Jakarta,Indonesia,-6.2088,106.8456,2019-08-01,2019,8,32.56,335.0,5,39.2,66.4,0,72.82,67.45,10.8,1,37.6,0,0.521,High
765,Jakarta,Indonesia,-6.2088,106.8456,2019-09-01,2019,9,31.72,179.3,2,45.5,58.6,0,82.36,55.83,9.2,4,26.1,1,0.34,Medium
766,Jakarta,Indonesia,-6.2088,106.8456,2019-10-01,2019,10,27.92,106.0,3,47.1,44.9,0,75.68,63.81,12.3,0,33.8,1,0.37,Medium
767,Jakarta,Indonesia,-6.2088,106.8456,2019-11-01,2019,11,28.67,184.7,2,47.1,49.7,1,81.79,58.12,9.5,2,36.0,0,0.31,Medium
768,Jakarta,Indonesia,-6.2088,106.8456,2019-12-01,2019,12,28.32,93.6,0,60.1,52.1,1,77.63,53.97,10.1,2,23.4,0,0.341,Medium
769,Jakarta,Indonesia,-6.2088,106.8456,2020-01-01,2020,1,26.48,107.3,3,56.9,55.7,0,72.35,61.6,11.5,2,31.6,0,0.451,Medium
770,Jakarta,Indonesia,-6.2088,106.8456,2020-02-01,2020,2,27.17,98.3,3,62.4,53.3,0,78.79,60.25,13.2,2,35.1,2,0.446,Medium
771,Jakarta,Indonesia,-6.2088,106.8456,2020-03-01,2020,3,28.63,116.5,2,51.9,44.5,1,75.68,57.07,12.6,1,30.2,1,0.35,Medium
772,Jakarta,Indonesia,-6.2088,106.8456,2020-04-01,2020,4,29.09,96.7,1,35.0,53.7,2,79.93,55.21,10.5,2,31.6,2,0.317,Medium
773,Jakarta,Indonesia,-6.2088,106.8456,2020-05-01,2020,5,30.97,259.5,2,34.3,61.1,0,67.27,59.33,9.1,1,38.1,1,0.324,Medium
774,Jakarta,Indonesia,-6.2088,106.8456,2020-06-01,2020,6,30.88,335.7,1,42.1,74.9,0,78.89,62.31,8.8,1,25.1,0,0.374,Medium
775,Jakarta,Indonesia,-6.2088,106.8456,2020-07-01,2020,7,32.45,390.9,1,49.3,78.6,1,74.96,62.59,10.8,4,22.9,1,0.494,Medium
776,Jakarta,Indonesia,-6.2088,106.8456,2020-08-01,2020,8,32.35,285.8,3,47.2,81.1,0,71.55,61.69,11.1,4,33.5,0,0.473,Medium
777,Jakarta,Indonesia,-6.2088,106.8456,2020-09-01,2020,9,31.27,226.4,1,32.5,58.0,0,78.53,59.74,9.7,2,25.3,1,0.273,Medium
778,Jakarta,Indonesia,-6.2088,106.8456,2020-10-01,2020,10,30.22,111.0,4,33.3,44.2,1,74.19,61.24,12.2,1,33.4,0,0.369,Medium
779,Jakarta,Indonesia,-6.2088,106.8456,2020-11-01,2020,11,27.26,138.2,2,44.5,51.1,0,79.41,55.07,10.7,1,31.4,0,0.344,Medium
780,Jakarta,Indonesia,-6.2088,106.8456,2020-12-01,2020,12,26.37,88.3,1,52.5,56.3,2,71.49,56.81,13.2,5,30.0,1,0.442,Medium
781,Jakarta,Indonesia,-6.2088,106.8456,2021-01-01,2021,1,27.92,156.6,3,45.5,48.4,1,78.62,60.53,14.2,4,29.5,1,0.371,Medium
782,Jakarta,Indonesia,-6.2088,106.8456,2021-02-01,2021,2,26.69,167.5,2,63.6,56.7,2,81.38,61.9,12.7,4,35.7,1,0.45,Medium
783,Jakarta,Indonesia,-6.2088,106.8456,2021-03-01,2021,3,28.08,80.4,1,46.4,52.8,1,80.9,62.22,11.7,2,27.7,1,0.354,Medium
784,Jakarta,Indonesia,-6.2088,106.8456,2021-04-01,2021,4,29.38,100.4,0,43.7,46.6,0,86.49,59.73,7.6,0,35.0,4,0.235,Low
785,Jakarta,Indonesia,-6.2088,106.8456,2021-05-01,2021,5,30.28,218.7,2,37.5,64.4,1,83.22,62.44,12.7,2,41.6,1,0.322,Medium
786,Jakarta,Indonesia,-6.2088,106.8456,2021-06-01,2021,6,33.35,433.1,5,39.8,66.6,1,80.0,62.49,15.0,2,33.5,4,0.621,High
787,Jakarta,Indonesia,-6.2088,106.8456,2021-07-01,2021,7,32.04,342.8,1,34.5,74.7,1,87.57,55.93,12.0,1,22.6,2,0.415,Medium
788,Jakarta,Indonesia,-6.2088,106.8456,2021-08-01,2021,8,31.17,395.0,3,39.8,62.1,1,75.69,62.7,11.8,3,35.9,0,0.472,Medium
789,Jakarta,Indonesia,-6.2088,106.8456,2021-09-01,2021,9,30.62,189.3,2,33.0,60.0,0,78.14,60.83,8.7,1,39.3,2,0.278,Medium
790,Jakarta,Indonesia,-6.2088,106.8456,2021-10-01,2021,10,27.89,80.4,0,39.8,55.0,0,86.96,50.48,6.2,2,28.3,1,0.291,Medium
791,Jakarta,Indonesia,-6.2088,106.8456,2021-11-01,2021,11,27.48,92.5,4,61.7,53.4,0,80.68,59.33,12.0,2,37.2,2,0.471,Medium
792,Jakarta,Indonesia,-6.2088,106.8456,2021-12-01,2021,12,26.14,86.2,1,61.5,52.3,0,84.86,57.18,12.0,2,27.5,0,0.414,Medium
793,Jakarta,Indonesia,-6.2088,106.8456,2022-01-01,2022,1,27.01,109.3,2,62.3,50.0,0,88.55,60.39,10.0,1,37.5,1,0.407,Medium
794,Jakarta,Indonesia,-6.2088,106.8456,2022-02-01,2022,2,26.39,91.6,1,46.8,49.1,0,82.98,56.12,10.3,4,28.5,2,0.363,Medium
795,Jakarta,Indonesia,-6.2088,106.8456,2022-03-01,2022,3,28.75,87.2,1,54.5,39.1,1,83.52,59.33,11.2,1,39.0,0,0.328,Medium
796,Jakarta,Indonesia,-6.2088,106.8456,2022-04-01,2022,4,30.67,166.3,3,45.3,46.6,1,75.38,60.43,10.9,0,26.7,2,0.354,Medium
797,Jakarta,Indonesia,-6.2088,106.8456,2022-05-01,2022,5,31.68,289.0,1,42.1,61.8,1,90.4,59.39,12.2,1,33.7,0,0.372,Medium
798,Jakarta,Indonesia,-6.2088,106.8456,2022-06-01,2022,6,32.0,365.8,4,41.7,61.8,1,76.46,60.22,8.1,0,36.2,0,0.514,High
799,Jakarta,Indonesia,-6.2088,106.8456,2022-07-01,2022,7,32.69,381.0,2,38.9,60.7,1,79.41,58.61,9.0,1,35.6,1,0.47,Medium
800,Jakarta,Indonesia,-6.2088,106.8456,2022-08-01,2022,8,30.97,331.6,4,45.2,77.6,1,75.56,59.91,11.8,1,42.6,0,0.505,High
801,Jakarta,Indonesia,-6.2088,106.8456,2022-09-01,2022,9,30.99,220.1,2,51.2,60.9,0,79.01,61.16,9.2,1,34.6,1,0.344,Medium
802,Jakarta,Indonesia,-6.2088,106.8456,2022-10-01,2022,10,28.92,81.9,1,42.6,49.5,0,81.2,60.09,9.5,2,32.0,2,0.291,Medium
803,Jakarta,Indonesia,-6.2088,106.8456,2022-11-01,2022,11,28.68,134.5,2,42.2,51.9,0,80.86,56.99,10.2,0,36.8,1,0.304,Medium
804,Jakarta,Indonesia,-6.2088,106.8456,2022-12-01,2022,12,29.09,73.1,2,50.2,41.1,0,77.62,63.74,10.3,0,39.3,1,0.326,Medium
805,Jakarta,Indonesia,-6.2088,106.8456,2023-01-01,2023,1,27.04,80.2,3,65.8,45.2,1,76.34,60.89,12.9,2,37.5,0,0.478,Medium
806,Jakarta,Indonesia,-6.2088,106.8456,2023-02-01,2023,2,25.46,166.1,0,49.6,58.5,0,93.33,62.77,7.3,2,23.9,1,0.341,Medium
807,Jakarta,Indonesia,-6.2088,106.8456,2023-03-01,2023,3,27.87,196.0,4,51.6,44.6,0,84.15,59.14,9.5,3,29.0,0,0.367,Medium
808,Jakarta,Indonesia,-6.2088,106.8456,2023-04-01,2023,4,29.77,135.7,3,37.2,46.1,1,85.6,54.64,11.6,5,36.3,2,0.325,Medium
809,Jakarta,Indonesia,-6.2088,106.8456,2023-05-01,2023,5,31.25,284.3,1,31.4,55.8,0,90.51,59.38,7.8,2,30.7,0,0.297,Medium
810,Jakarta,Indonesia,-6.2088,106.8456,2023-06-01,2023,6,31.7,318.0,2,46.7,64.5,1,89.3,61.74,8.9,1,28.2,1,0.435,Medium
811,Jakarta,Indonesia,-6.2088,106.8456,2023-07-01,2023,7,32.9,306.5,2,45.7,80.7,0,74.82,60.71,12.4,2,39.5,0,0.463,Medium
812,Jakarta,Indonesia,-6.2088,106.8456,2023-08-01,2023,8,31.31,352.3,1,29.2,52.3,0,81.12,56.02,10.7,0,25.4,0,0.323,Medium
813,Jakarta,Indonesia,-6.2088,106.8456,2023-09-01,2023,9,30.46,262.8,4,43.9,57.3,1,76.74,62.18,14.8,5,32.5,0,0.416,Medium
814,Jakarta,Indonesia,-6.2088,106.8456,2023-10-01,2023,10,30.25,122.9,1,42.7,49.6,0,83.97,56.85,9.2,0,22.9,1,0.277,Medium
815,Jakarta,Indonesia,-6.2088,106.8456,2023-11-01,2023,11,27.43,110.3,0,56.7,59.9,0,84.62,57.61,10.0,0,22.9,0,0.337,Medium
816,Jakarta,Indonesia,-6.2088,106.8456,2023-12-01,2023,12,27.58,158.5,2,58.7,40.1,0,82.74,62.01,12.0,1,25.8,0,0.34,Medium
817,Jakarta,Indonesia,-6.2088,106.8456,2024-01-01,2024,1,25.66,80.6,2,71.4,38.9,2,82.06,62.53,11.2,1,40.7,2,0.511,High
818,Jakarta,Indonesia,-6.2088,106.8456,2024-02-01,2024,2,28.58,89.0,0,56.3,42.0,0,87.54,59.61,10.1,1,29.7,0,0.285,Medium
819,Jakarta,Indonesia,-6.2088,106.8456,2024-03-01,2024,3,27.66,79.7,2,47.8,52.9,3,77.45,61.9,13.1,2,48.2,0,0.451,Medium
820,Jakarta,Indonesia,-6.2088,106.8456,2024-04-01,2024,4,29.61,123.4,3,32.2,48.9,1,74.35,59.6,12.3,3,30.3,1,0.32,Medium
821,Jakarta,Indonesia,-6.2088,106.8456,2024-05-01,2024,5,31.56,196.5,1,32.5,50.4,0,83.3,54.54,8.9,3,27.8,0,0.251,Medium
822,Jakarta,Indonesia,-6.2088,106.8456,2024-06-01,2024,6,31.96,300.5,2,31.8,70.3,0,82.95,58.51,12.0,3,27.6,2,0.382,Medium
823,Jakarta,Indonesia,-6.2088,106.8456,2024-07-01,2024,7,32.93,331.8,0,41.7,83.9,1,83.96,49.93,10.6,2,31.8,1,0.436,Medium
824,Jakarta,Indonesia,-6.2088,106.8456,2024-08-01,2024,8,32.89,317.4,0,37.8,71.5,0,82.82,56.46,6.6,1,19.3,1,0.37,Medium
825,Jakarta,Indonesia,-6.2088,106.8456,2024-09-01,2024,9,32.11,180.5,3,42.6,61.7,0,82.26,60.31,13.1,3,28.0,0,0.38,Medium
826,Jakarta,Indonesia,-6.2088,106.8456,2024-10-01,2024,10,30.48,123.5,2,30.3,49.6,0,82.37,60.41,7.8,0,32.2,1,0.284,Medium
827,Jakarta,Indonesia,-6.2088,106.8456,2024-11-01,2024,11,28.22,169.9,0,43.2,50.9,1,86.9,57.81,11.0,0,20.5,0,0.261,Medium
828,Jakarta,Indonesia,-6.2088,106.8456,2024-12-01,2024,12,27.15,125.4,2,50.3,39.1,0,82.33,60.15,9.5,2,32.4,0,0.347,Medium
829,Jakarta,Indonesia,-6.2088,106.8456,2025-01-01,2025,1,28.76,181.7,0,77.4,46.4,1,82.38,53.28,12.0,2,28.1,1,0.315,Medium
830,Jakarta,Indonesia,-6.2088,106.8456,2025-02-01,2025,2,28.05,173.4,0,56.0,46.7,1,81.82,58.8,11.2,2,19.3,1,0.287,Medium
831,Jakarta,Indonesia,-6.2088,106.8456,2025-03-01,2025,3,27.66,151.1,4,49.5,44.6,2,80.95,57.97,13.7,7,28.2,0,0.44,Medium
832,Jakarta,Indonesia,-6.2088,106.8456,2025-04-01,2025,4,29.99,123.0,3,39.4,52.8,1,80.9,57.45,12.1,1,42.5,0,0.355,Medium
833,Jakarta,Indonesia,-6.2088,106.8456,2025-05-01,2025,5,31.15,240.9,4,52.4,56.1,0,87.8,61.0,12.4,2,27.1,0,0.416,Medium
834,Jakarta,Indonesia,-6.2088,106.8456,2025-06-01,2025,6,32.42,358.4,4,27.1,67.1,0,86.67,64.82,8.3,0,34.6,1,0.471,Medium
835,Jakarta,Indonesia,-6.2088,106.8456,2025-07-01,2025,7,31.96,344.3,0,39.5,64.2,0,89.16,59.11,8.8,1,27.8,0,0.351,Medium
836,Jakarta,Indonesia,-6.2088,106.8456,2025-08-01,2025,8,32.22,252.5,4,27.0,72.3,1,80.1,62.26,10.7,3,32.0,0,0.443,Medium
837,Jakarta,Indonesia,-6.2088,106.8456,2025-09-01,2025,9,32.91,259.7,1,21.0,67.1,1,89.56,59.16,10.0,1,26.9,2,0.348,Medium
838,Jakarta,Indonesia,-6.2088,106.8456,2025-10-01,2025,10,30.43,74.8,2,34.1,45.5,0,91.75,56.57,7.5,1,30.5,1,0.31,Medium
839,Jakarta,Indonesia,-6.2088,106.8456,2025-11-01,2025,11,26.49,81.5,3,53.3,53.7,1,85.27,60.04,10.1,1,38.4,1,0.477,Medium
840,Jakarta,Indonesia,-6.2088,106.8456,2025-12-01,2025,12,28.37,120.0,3,50.9,47.0,1,92.1,62.59,14.0,0,33.5,0,0.388,Medium
241,Kolkata,India,22.5726,88.3639,2016-01-01,2016,1,26.52,115.1,2,53.4,51.2,0,125.38,95.4,9.5,0,26.9,0,0.388,Medium
242,Kolkata,India,22.5726,88.3639,2016-02-01,2016,2,24.14,138.3,3,54.1,45.0,0,124.06,97.31,12.3,1,31.7,3,0.462,Medium
243,Kolkata,India,22.5726,88.3639,2016-03-01,2016,3,27.42,100.1,2,64.9,49.3,0,118.18,101.83,11.2,3,39.7,1,0.397,Medium
244,Kolkata,India,22.5726,88.3639,2016-04-01,2016,4,26.54,112.7,3,26.1,56.5,1,108.63,97.63,10.2,2,37.1,3,0.388,Medium
245,Kolkata,India,22.5726,88.3639,2016-05-01,2016,5,29.27,192.9,2,22.7,60.2,2,110.7,95.56,10.1,1,34.0,0,0.273,Medium
246,Kolkata,India,22.5726,88.3639,2016-06-01,2016,6,32.45,313.5,2,43.8,68.8,0,116.11,99.28,13.2,2,30.3,3,0.438,Medium
247,Kolkata,India,22.5726,88.3639,2016-07-01,2016,7,31.09,312.6,2,32.1,59.4,2,121.49,103.6,9.1,1,35.4,0,0.406,Medium
248,Kolkata,India,22.5726,88.3639,2016-08-01,2016,8,30.23,270.3,1,35.0,48.2,0,118.76,90.55,8.4,2,22.9,0,0.267,Medium
249,Kolkata,India,22.5726,88.3639,2016-09-01,2016,9,29.92,242.8,1,31.3,60.2,0,118.77,100.8,6.5,3,16.0,1,0.256,Medium
250,Kolkata,India,22.5726,88.3639,2016-10-01,2016,10,30.24,128.5,0,35.4,44.3,1,135.0,95.63,10.4,2,35.8,0,0.247,Low
251,Kolkata,India,22.5726,88.3639,2016-11-01,2016,11,25.63,151.3,1,60.3,41.4,1,117.68,100.31,10.0,3,31.5,1,0.386,Medium
252,Kolkata,India,22.5726,88.3639,2016-12-01,2016,12,25.17,102.8,1,61.2,46.7,0,116.07,100.37,9.6,3,30.4,1,0.411,Medium
253,Kolkata,India,22.5726,88.3639,2017-01-01,2017,1,26.82,136.3,3,64.4,44.6,0,121.89,101.71,15.0,2,33.3,1,0.415,Medium
254,Kolkata,India,22.5726,88.3639,2017-02-01,2017,2,27.52,142.0,0,43.5,52.9,0,123.62,93.5,7.3,2,20.9,2,0.264,Medium
255,Kolkata,India,22.5726,88.3639,2017-03-01,2017,3,27.06,137.8,1,38.3,45.6,0,113.88,98.03,11.1,0,24.6,0,0.284,Medium
256,Kolkata,India,22.5726,88.3639,2017-04-01,2017,4,27.66,87.0,1,14.8,39.8,0,133.65,93.21,6.8,0,14.1,0,0.227,Low
257,Kolkata,India,22.5726,88.3639,2017-05-01,2017,5,31.84,238.5,1,31.0,64.4,0,117.64,98.42,8.5,2,38.3,2,0.312,Medium
258,Kolkata,India,22.5726,88.3639,2017-06-01,2017,6,32.54,329.4,2,45.2,65.1,0,119.88,101.1,14.1,1,25.1,1,0.446,Medium
259,Kolkata,India,22.5726,88.3639,2017-07-01,2017,7,32.22,345.3,1,41.6,73.7,0,120.86,93.18,9.4,0,24.2,2,0.421,Medium
260,Kolkata,India,22.5726,88.3639,2017-08-01,2017,8,30.64,231.4,3,35.7,63.3,1,118.29,102.17,9.4,2,33.2,1,0.373,Medium
261,Kolkata,India,22.5726,88.3639,2017-09-01,2017,9,30.16,238.9,0,37.3,53.0,0,111.14,92.88,8.4,1,30.3,0,0.231,Low
262,Kolkata,India,22.5726,88.3639,2017-10-01,2017,10,28.58,208.5,3,32.0,45.6,1,116.93,98.78,10.4,2,32.9,1,0.296,Medium
263,Kolkata,India,22.5726,88.3639,2017-11-01,2017,11,27.48,105.6,1,49.1,45.1,0,132.01,95.45,9.4,1,20.6,0,0.315,Medium
264,Kolkata,India,22.5726,88.3639,2017-12-01,2017,12,27.29,90.9,6,60.9,48.4,1,119.32,104.85,13.8,3,50.4,0,0.544,High
265,Kolkata,India,22.5726,88.3639,2018-01-01,2018,1,26.44,134.9,1,44.6,43.1,1,116.14,100.85,12.8,2,32.7,0,0.338,Medium
266,Kolkata,India,22.5726,88.3639,2018-02-01,2018,2,25.29,132.5,1,57.2,32.1,1,129.35,92.29,10.4,1,31.9,1,0.381,Medium
267,Kolkata,India,22.5726,88.3639,2018-03-01,2018,3,28.36,167.7,1,55.0,42.0,1,117.29,91.73,8.2,1,33.7,2,0.292,Medium
268,Kolkata,India,22.5726,88.3639,2018-04-01,2018,4,29.02,69.7,1,34.2,50.6,0,123.76,88.64,8.7,1,37.6,0,0.266,Medium
269,Kolkata,India,22.5726,88.3639,2018-05-01,2018,5,30.83,261.8,3,43.1,55.4,1,116.6,102.96,10.2,3,46.2,2,0.398,Medium
270,Kolkata,India,22.5726,88.3639,2018-06-01,2018,6,32.56,338.5,2,60.0,64.9,1,119.26,97.8,11.2,1,32.6,0,0.512,High
271,Kolkata,India,22.5726,88.3639,2018-07-01,2018,7,30.91,339.3,1,36.7,76.9,0,131.13,96.74,8.2,0,37.2,0,0.377,Medium
272,Kolkata,India,22.5726,88.3639,2018-08-01,2018,8,31.38,328.4,1,40.6,61.7,0,127.38,95.25,12.3,1,29.7,1,0.366,Medium
273,Kolkata,India,22.5726,88.3639,2018-09-01,2018,9,29.89,273.7,3,31.6,46.7,1,120.81,95.75,9.6,3,35.4,0,0.336,Medium
274,Kolkata,India,22.5726,88.3639,2018-10-01,2018,10,27.58,154.9,0,39.0,43.9,0,136.55,95.49,8.7,2,14.5,1,0.228,Low
275,Kolkata,India,22.5726,88.3639,2018-11-01,2018,11,27.62,74.3,0,51.2,41.6,0,123.65,93.21,7.6,3,23.3,0,0.296,Medium
276,Kolkata,India,22.5726,88.3639,2018-12-01,2018,12,28.26,152.8,2,56.4,38.2,1,122.27,97.4,8.8,1,28.3,0,0.331,Medium
277,Kolkata,India,22.5726,88.3639,2019-01-01,2019,1,24.39,117.4,1,49.3,43.8,0,134.44,95.69,9.1,0,30.8,0,0.39,Medium
278,Kolkata,India,22.5726,88.3639,2019-02-01,2019,2,26.25,122.9,3,56.5,48.4,0,126.31,100.68,11.3,0,38.4,0,0.425,Medium
279,Kolkata,India,22.5726,88.3639,2019-03-01,2019,3,27.89,122.9,1,59.2,44.9,0,123.78,92.84,10.0,4,17.6,0,0.319,Medium
280,Kolkata,India,22.5726,88.3639,2019-04-01,2019,4,28.99,114.0,0,41.1,47.1,0,120.35,95.91,3.9,0,23.5,1,0.223,Low
281,Kolkata,India,22.5726,88.3639,2019-05-01,2019,5,30.31,280.2,5,45.2,70.2,0,120.48,106.31,10.8,2,45.0,2,0.463,Medium
282,Kolkata,India,22.5726,88.3639,2019-06-01,2019,6,30.47,311.5,2,35.6,64.3,1,112.82,94.18,12.1,1,32.0,0,0.381,Medium
283,Kolkata,India,22.5726,88.3639,2019-07-01,2019,7,32.11,300.2,1,43.5,71.9,0,125.35,97.3,8.2,0,33.0,1,0.396,Medium
284,Kolkata,India,22.5726,88.3639,2019-08-01,2019,8,30.92,299.1,3,39.7,63.1,0,132.36,97.47,11.0,0,34.6,2,0.401,Medium
285,Kolkata,India,22.5726,88.3639,2019-09-01,2019,9,28.69,239.6,1,29.9,51.6,3,127.43,101.27,9.2,4,36.0,1,0.302,Medium
286,Kolkata,India,22.5726,88.3639,2019-10-01,2019,10,29.91,169.2,2,40.0,40.9,0,114.9,91.91,10.2,1,26.4,0,0.259,Medium
287,Kolkata,India,22.5726,88.3639,2019-11-01,2019,11,28.23,144.1,3,39.6,41.6,0,128.4,101.84,11.3,2,24.2,0,0.308,Medium
288,Kolkata,India,22.5726,88.3639,2019-12-01,2019,12,26.41,86.0,2,49.8,47.5,0,125.51,91.82,10.8,2,24.1,0,0.391,Medium
289,Kolkata,India,22.5726,88.3639,2020-01-01,2020,1,26.16,219.4,0,59.0,61.4,0,120.96,94.69,10.6,3,31.0,1,0.341,Medium
290,Kolkata,India,22.5726,88.3639,2020-02-01,2020,2,27.25,130.6,3,57.2,40.0,2,123.66,102.61,14.6,0,38.3,0,0.431,Medium
291,Kolkata,India,22.5726,88.3639,2020-03-01,2020,3,27.68,171.0,2,38.0,42.1,0,126.67,93.45,7.3,0,26.9,0,0.274,Medium
292,Kolkata,India,22.5726,88.3639,2020-04-01,2020,4,29.73,113.9,1,45.9,44.6,1,125.54,93.94,8.4,0,27.2,2,0.298,Medium
293,Kolkata,India,22.5726,88.3639,2020-05-01,2020,5,30.28,253.8,1,42.1,60.3,0,131.22,96.27,10.5,2,26.3,0,0.298,Medium
294,Kolkata,India,22.5726,88.3639,2020-06-01,2020,6,32.68,348.4,1,31.9,68.5,1,124.08,97.35,11.7,1,35.8,0,0.427,Medium
295,Kolkata,India,22.5726,88.3639,2020-07-01,2020,7,32.3,393.7,2,25.2,79.0,0,129.3,97.11,8.9,1,28.8,2,0.45,Medium
296,Kolkata,India,22.5726,88.3639,2020-08-01,2020,8,31.8,357.2,1,36.3,49.7,0,128.55,97.1,7.4,1,19.1,1,0.361,Medium
297,Kolkata,India,22.5726,88.3639,2020-09-01,2020,9,29.54,267.4,2,33.9,40.8,1,125.83,95.62,8.8,3,33.7,1,0.287,Medium
298,Kolkata,India,22.5726,88.3639,2020-10-01,2020,10,29.3,107.4,2,38.4,41.5,0,138.5,96.45,6.7,0,26.6,0,0.272,Medium
299,Kolkata,India,22.5726,88.3639,2020-11-01,2020,11,26.91,97.1,3,44.6,52.7,1,133.34,98.15,9.4,0,35.3,0,0.425,Medium
300,Kolkata,India,22.5726,88.3639,2020-12-01,2020,12,25.98,133.3,1,38.8,34.0,0,123.07,91.1,6.2,1,32.3,0,0.296,Medium
301,Kolkata,India,22.5726,88.3639,2021-01-01,2021,1,25.45,157.3,2,54.4,23.9,1,135.24,96.19,9.5,3,30.3,1,0.374,Medium
302,Kolkata,India,22.5726,88.3639,2021-02-01,2021,2,25.66,111.1,3,52.4,49.0,1,135.73,98.44,11.9,1,37.1,2,0.464,Medium
303,Kolkata,India,22.5726,88.3639,2021-03-01,2021,3,29.32,162.6,2,52.6,46.7,1,139.25,97.08,11.3,2,27.0,0,0.312,Medium
304,Kolkata,India,22.5726,88.3639,2021-04-01,2021,4,30.2,178.1,1,31.9,37.4,1,137.25,98.56,8.1,0,25.7,0,0.23,Low
305,Kolkata,India,22.5726,88.3639,2021-05-01,2021,5,32.18,195.8,3,50.9,50.6,1,119.51,99.18,10.8,1,38.7,1,0.41,Medium
306,Kolkata,India,22.5726,88.3639,2021-06-01,2021,6,30.77,281.4,3,22.2,59.9,0,135.62,95.02,10.1,3,22.6,0,0.339,Medium
307,Kolkata,India,22.5726,88.3639,2021-07-01,2021,7,32.22,339.4,5,48.0,70.8,0,118.0,102.27,10.5,2,40.8,1,0.553,High
308,Kolkata,India,22.5726,88.3639,2021-08-01,2021,8,30.73,327.2,5,35.7,62.3,0,123.85,101.12,13.4,3,37.8,0,0.462,Medium
309,Kolkata,India,22.5726,88.3639,2021-09-01,2021,9,30.12,211.5,4,44.4,61.0,1,127.96,98.01,14.3,2,38.8,0,0.397,Medium
310,Kolkata,India,22.5726,88.3639,2021-10-01,2021,10,28.46,174.1,2,38.1,25.0,0,130.5,93.49,7.5,0,30.8,0,0.221,Low
311,Kolkata,India,22.5726,88.3639,2021-11-01,2021,11,28.69,137.0,2,56.6,39.0,1,122.85,97.17,9.9,4,34.1,1,0.33,Medium
312,Kolkata,India,22.5726,88.3639,2021-12-01,2021,12,26.29,121.6,0,51.7,37.1,0,141.23,92.82,9.8,1,31.1,0,0.299,Medium
313,Kolkata,India,22.5726,88.3639,2022-01-01,2022,1,27.07,62.6,2,48.7,43.2,0,146.79,98.46,9.3,1,24.1,2,0.376,Medium
314,Kolkata,India,22.5726,88.3639,2022-02-01,2022,2,27.12,67.4,2,66.2,41.2,0,141.24,97.72,10.9,0,31.6,1,0.411,Medium
315,Kolkata,India,22.5726,88.3639,2022-03-01,2022,3,29.58,131.2,2,46.6,50.6,0,138.77,100.32,9.6,1,30.1,0,0.303,Medium
316,Kolkata,India,22.5726,88.3639,2022-04-01,2022,4,28.07,34.7,3,39.3,32.0,0,141.36,96.26,11.8,1,23.7,1,0.352,Medium
317,Kolkata,India,22.5726,88.3639,2022-05-01,2022,5,31.77,273.0,2,47.4,57.8,0,137.98,102.49,10.7,2,35.4,1,0.388,Medium
318,Kolkata,India,22.5726,88.3639,2022-06-01,2022,6,32.79,308.5,1,29.2,70.6,0,139.44,94.05,9.9,1,39.1,1,0.381,Medium
319,Kolkata,India,22.5726,88.3639,2022-07-01,2022,7,31.5,474.7,1,42.3,83.0,0,140.3,94.8,10.8,0,30.4,0,0.489,Medium
320,Kolkata,India,22.5726,88.3639,2022-08-01,2022,8,32.69,407.2,0,32.8,63.3,0,129.76,95.45,7.3,2,27.1,0,0.396,Medium
321,Kolkata,India,22.5726,88.3639,2022-09-01,2022,9,31.07,225.2,4,36.4,59.8,0,132.73,103.41,10.5,1,35.0,2,0.383,Medium
322,Kolkata,India,22.5726,88.3639,2022-10-01,2022,10,29.13,115.7,0,38.1,32.4,2,136.72,91.28,10.2,1,23.9,1,0.235,Low
323,Kolkata,India,22.5726,88.3639,2022-11-01,2022,11,27.16,159.8,5,35.5,28.3,0,133.48,97.96,10.9,5,24.0,0,0.357,Medium
324,Kolkata,India,22.5726,88.3639,2022-12-01,2022,12,26.16,188.1,2,48.6,50.9,2,127.76,98.26,9.8,1,32.4,4,0.397,Medium
325,Kolkata,India,22.5726,88.3639,2023-01-01,2023,1,27.98,54.5,1,68.3,45.0,0,140.23,96.75,12.3,6,22.1,1,0.375,Medium
326,Kolkata,India,22.5726,88.3639,2023-02-01,2023,2,26.75,48.5,2,61.9,53.2,1,126.66,99.5,12.7,4,43.3,0,0.467,Medium
327,Kolkata,India,22.5726,88.3639,2023-03-01,2023,3,28.49,95.1,1,47.0,35.4,1,134.01,99.97,9.4,2,27.8,0,0.296,Medium
328,Kolkata,India,22.5726,88.3639,2023-04-01,2023,4,28.74,143.3,3,39.4,48.6,0,131.26,97.08,9.7,1,29.3,0,0.306,Medium
329,Kolkata,India,22.5726,88.3639,2023-05-01,2023,5,30.26,252.4,3,35.1,70.6,0,140.22,102.7,11.1,1,37.6,0,0.361,Medium
330,Kolkata,India,22.5726,88.3639,2023-06-01,2023,6,32.85,357.6,2,48.4,69.6,0,135.26,97.06,11.2,2,26.5,0,0.485,Medium
331,Kolkata,India,22.5726,88.3639,2023-07-01,2023,7,31.32,297.0,2,35.9,71.9,1,130.97,101.77,7.9,2,30.1,0,0.411,Medium
332,Kolkata,India,22.5726,88.3639,2023-08-01,2023,8,31.68,222.2,0,39.4,66.7,0,138.39,95.16,11.7,0,26.1,0,0.292,Medium
333,Kolkata,India,22.5726,88.3639,2023-09-01,2023,9,30.95,266.8,3,46.7,46.5,0,136.44,102.93,9.1,1,36.8,1,0.372,Medium
334,Kolkata,India,22.5726,88.3639,2023-10-01,2023,10,29.52,86.9,4,31.3,54.5,0,146.5,94.2,10.8,4,35.8,0,0.357,Medium
335,Kolkata,India,22.5726,88.3639,2023-11-01,2023,11,27.8,39.3,1,60.0,40.7,0,131.65,92.0,9.1,1,28.8,2,0.36,Medium
336,Kolkata,India,22.5726,88.3639,2023-12-01,2023,12,27.17,125.8,1,42.6,48.5,1,143.55,102.0,12.6,2,29.8,0,0.328,Medium
337,Kolkata,India,22.5726,88.3639,2024-01-01,2024,1,27.01,151.7,1,70.5,34.1,0,143.48,93.55,9.1,3,30.1,1,0.336,Medium
338,Kolkata,India,22.5726,88.3639,2024-02-01,2024,2,27.46,115.1,2,51.8,36.7,0,133.93,94.06,11.8,2,29.6,0,0.334,Medium
339,Kolkata,India,22.5726,88.3639,2024-03-01,2024,3,27.19,101.7,3,45.6,55.0,0,147.16,95.61,11.2,4,27.4,0,0.397,Medium
340,Kolkata,India,22.5726,88.3639,2024-04-01,2024,4,29.26,113.6,3,22.4,42.6,1,142.03,100.98,8.7,4,31.5,1,0.287,Medium
341,Kolkata,India,22.5726,88.3639,2024-05-01,2024,5,31.96,217.7,4,33.9,67.7,0,131.94,95.91,11.6,1,29.8,0,0.411,Medium
342,Kolkata,India,22.5726,88.3639,2024-06-01,2024,6,32.82,260.9,2,29.2,66.1,0,127.49,96.58,9.5,4,29.8,0,0.38,Medium
343,Kolkata,India,22.5726,88.3639,2024-07-01,2024,7,31.42,316.4,2,32.6,57.1,1,140.21,97.0,8.7,0,29.4,2,0.389,Medium
344,Kolkata,India,22.5726,88.3639,2024-08-01,2024,8,32.41,335.7,3,36.4,72.9,1,134.66,103.57,12.3,3,49.3,1,0.495,Medium
345,Kolkata,India,22.5726,88.3639,2024-09-01,2024,9,29.46,245.4,4,45.2,53.4,0,129.55,97.78,11.3,3,34.6,1,0.361,Medium
346,Kolkata,India,22.5726,88.3639,2024-10-01,2024,10,29.59,126.7,2,39.2,49.9,0,134.62,97.34,10.2,1,21.7,1,0.287,Medium
347,Kolkata,India,22.5726,88.3639,2024-11-01,2024,11,29.58,80.2,1,50.0,45.2,0,149.41,91.61,9.2,2,26.2,1,0.298,Medium
348,Kolkata,India,22.5726,88.3639,2024-12-01,2024,12,26.21,112.7,1,46.1,34.2,0,131.65,100.96,7.4,2,27.7,0,0.319,Medium
349,Kolkata,India,22.5726,88.3639,2025-01-01,2025,1,25.91,32.9,3,50.5,46.2,0,141.91,97.25,11.6,3,40.5,0,0.464,Medium
350,Kolkata,India,22.5726,88.3639,2025-02-01,2025,2,27.6,127.1,3,69.2,60.4,0,135.51,100.17,10.7,1,33.1,1,0.439,Medium
351,Kolkata,India,22.5726,88.3639,2025-03-01,2025,3,26.87,177.2,2,41.6,48.5,0,146.26,101.13,4.8,2,20.9,1,0.313,Medium
352,Kolkata,India,22.5726,88.3639,2025-04-01,2025,4,29.1,61.0,0,50.7,44.6,2,139.73,95.3,10.1,1,34.5,2,0.317,Medium
353,Kolkata,India,22.5726,88.3639,2025-05-01,2025,5,31.6,209.1,2,35.6,65.0,1,141.9,103.51,9.9,2,26.2,2,0.359,Medium
354,Kolkata,India,22.5726,88.3639,2025-06-01,2025,6,31.72,328.0,2,37.5,68.1,1,134.51,97.61,11.5,1,31.5,1,0.435,Medium
355,Kolkata,India,22.5726,88.3639,2025-07-01,2025,7,32.45,395.1,1,46.1,71.5,1,140.37,100.27,13.6,0,31.3,1,0.486,Medium
356,Kolkata,India,22.5726,88.3639,2025-08-01,2025,8,32.84,296.9,0,47.7,59.0,1,147.35,94.44,12.5,3,28.5,0,0.395,Medium
357,Kolkata,India,22.5726,88.3639,2025-09-01,2025,9,31.5,204.8,0,36.6,59.1,0,148.72,89.72,7.9,1,27.9,0,0.258,Medium
358,Kolkata,India,22.5726,88.3639,2025-10-01,2025,10,29.88,41.2,1,34.4,52.2,1,146.99,97.46,8.2,0,25.5,0,0.326,Medium
359,Kolkata,India,22.5726,88.3639,2025-11-01,2025,11,27.91,124.1,0,47.1,39.1,1,140.27,96.73,9.6,1,25.0,2,0.272,Medium
360,Kolkata,India,22.5726,88.3639,2025-12-01,2025,12,27.39,201.7,2,57.5,55.0,3,131.46,98.65,12.4,3,40.4,2,0.421,Medium
841,Miami,USA,25.7617,-80.1918,2016-01-01,2016,1,24.36,108.6,2,37.3,45.3,4,121.9,104.23,11.3,2,39.9,1,0.491,Medium
842,Miami,USA,25.7617,-80.1918,2016-02-01,2016,2,26.29,141.3,1,56.8,43.1,0,115.63,102.3,9.2,2,25.0,1,0.334,Medium
843,Miami,USA,25.7617,-80.1918,2016-03-01,2016,3,26.66,139.0,0,45.0,57.0,0,116.33,98.41,6.9,4,33.7,0,0.29,Medium
844,Miami,USA,25.7617,-80.1918,2016-04-01,2016,4,27.03,203.8,4,33.3,37.6,0,132.29,101.79,10.1,3,40.9,0,0.325,Medium
845,Miami,USA,25.7617,-80.1918,2016-05-01,2016,5,29.42,166.5,2,37.8,56.7,2,113.07,102.09,10.8,5,34.6,0,0.325,Medium
846,Miami,USA,25.7617,-80.1918,2016-06-01,2016,6,31.65,377.4,2,24.5,61.9,1,111.34,102.17,9.8,2,38.9,0,0.426,Medium
847,Miami,USA,25.7617,-80.1918,2016-07-01,2016,7,29.85,327.8,4,51.4,58.2,2,99.37,105.75,16.3,4,51.2,0,0.498,Medium
848,Miami,USA,25.7617,-80.1918,2016-08-01,2016,8,30.16,303.4,2,35.2,80.2,0,127.74,98.86,11.1,2,32.9,2,0.38,Medium
849,Miami,USA,25.7617,-80.1918,2016-09-01,2016,9,30.01,262.3,1,34.8,47.4,0,123.7,99.28,9.2,0,37.9,1,0.264,Medium
850,Miami,USA,25.7617,-80.1918,2016-10-01,2016,10,29.53,154.1,1,28.3,44.7,0,125.47,96.39,8.9,2,24.2,1,0.209,Low
851,Miami,USA,25.7617,-80.1918,2016-11-01,2016,11,27.72,166.3,1,46.2,31.0,0,125.96,97.21,9.2,2,23.8,1,0.235,Low
852,Miami,USA,25.7617,-80.1918,2016-12-01,2016,12,27.03,175.0,2,64.4,40.4,0,129.3,103.96,10.0,0,35.5,0,0.341,Medium
853,Miami,USA,25.7617,-80.1918,2017-01-01,2017,1,25.61,118.4,1,64.3,46.2,1,121.13,100.31,9.7,1,29.4,1,0.413,Medium
854,Miami,USA,25.7617,-80.1918,2017-02-01,2017,2,25.68,175.5,1,60.2,37.4,1,140.56,99.82,9.9,2,30.0,2,0.355,Medium
855,Miami,USA,25.7617,-80.1918,2017-03-01,2017,3,27.63,94.8,1,50.4,47.3,0,126.96,96.71,10.7,2,34.4,1,0.314,Medium
856,Miami,USA,25.7617,-80.1918,2017-04-01,2017,4,27.75,107.8,2,33.1,41.3,0,133.61,99.92,10.8,1,27.7,0,0.283,Medium
857,Miami,USA,25.7617,-80.1918,2017-05-01,2017,5,29.2,220.7,1,24.4,63.8,0,133.14,98.91,8.3,3,17.8,0,0.224,Low
858,Miami,USA,25.7617,-80.1918,2017-06-01,2017,6,30.16,286.0,1,34.4,74.4,0,125.36,101.96,10.6,5,30.5,0,0.328,Medium
859,Miami,USA,25.7617,-80.1918,2017-07-01,2017,7,32.37,338.4,1,34.1,64.1,0,122.73,96.8,8.7,1,23.9,1,0.396,Medium
860,Miami,USA,25.7617,-80.1918,2017-08-01,2017,8,30.44,342.9,3,44.4,65.4,0,123.37,101.37,11.3,5,39.1,1,0.436,Medium
861,Miami,USA,25.7617,-80.1918,2017-09-01,2017,9,30.82,254.1,4,38.5,57.0,1,121.95,107.12,11.6,2,41.8,0,0.426,Medium
862,Miami,USA,25.7617,-80.1918,2017-10-01,2017,10,28.65,95.5,1,48.9,47.5,1,121.86,100.45,9.4,0,36.8,1,0.308,Medium
863,Miami,USA,25.7617,-80.1918,2017-11-01,2017,11,27.92,92.2,2,55.6,43.3,1,124.61,98.85,12.6,3,37.3,1,0.37,Medium
864,Miami,USA,25.7617,-80.1918,2017-12-01,2017,12,25.07,85.8,3,49.7,44.5,0,132.29,105.6,10.8,1,38.4,1,0.444,Medium
865,Miami,USA,25.7617,-80.1918,2018-01-01,2018,1,25.06,123.6,3,41.6,41.5,0,139.55,95.83,10.5,4,28.3,0,0.399,Medium
866,Miami,USA,25.7617,-80.1918,2018-02-01,2018,2,26.34,56.8,0,64.4,44.0,1,134.23,101.16,7.0,1,31.9,1,0.391,Medium
867,Miami,USA,25.7617,-80.1918,2018-03-01,2018,3,26.74,84.4,0,56.9,52.3,0,143.42,93.79,8.1,1,35.6,0,0.337,Medium
868,Miami,USA,25.7617,-80.1918,2018-04-01,2018,4,26.6,101.6,2,25.1,47.7,1,122.74,105.45,9.3,3,26.2,0,0.334,Medium
869,Miami,USA,25.7617,-80.1918,2018-05-01,2018,5,29.0,270.2,4,48.1,60.6,0,125.75,99.73,10.9,2,46.7,1,0.391,Medium
870,Miami,USA,25.7617,-80.1918,2018-06-01,2018,6,30.32,301.8,1,39.1,69.9,0,137.94,102.73,9.4,2,26.0,2,0.344,Medium
871,Miami,USA,25.7617,-80.1918,2018-07-01,2018,7,30.79,376.2,1,37.3,67.1,1,120.9,100.0,9.3,1,26.2,1,0.411,Medium
872,Miami,USA,25.7617,-80.1918,2018-08-01,2018,8,31.77,314.6,1,48.9,67.1,0,124.76,98.65,9.8,3,31.0,1,0.408,Medium
873,Miami,USA,25.7617,-80.1918,2018-09-01,2018,9,30.41,209.0,1,46.8,48.1,0,142.89,98.87,9.1,0,30.6,0,0.277,Medium
874,Miami,USA,25.7617,-80.1918,2018-10-01,2018,10,28.78,102.7,3,41.2,52.1,1,117.18,104.79,9.9,1,39.6,1,0.353,Medium
875,Miami,USA,25.7617,-80.1918,2018-11-01,2018,11,28.77,73.4,1,49.8,23.7,0,123.62,94.14,7.5,0,19.7,0,0.252,Medium
876,Miami,USA,25.7617,-80.1918,2018-12-01,2018,12,27.01,216.1,1,58.3,42.6,0,141.52,96.27,9.2,0,29.9,3,0.308,Medium
877,Miami,USA,25.7617,-80.1918,2019-01-01,2019,1,26.32,164.4,4,52.8,51.2,0,131.63,106.0,13.7,1,33.7,1,0.419,Medium
878,Miami,USA,25.7617,-80.1918,2019-02-01,2019,2,24.9,144.1,1,52.9,33.7,0,135.63,92.62,9.0,3,18.6,0,0.344,Medium
879,Miami,USA,25.7617,-80.1918,2019-03-01,2019,3,27.25,67.9,1,38.8,46.0,0,132.65,95.87,7.6,0,21.2,3,0.308,Medium
880,Miami,USA,25.7617,-80.1918,2019-04-01,2019,4,28.95,101.9,2,33.3,38.4,0,128.9,107.56,9.6,2,23.5,2,0.253,Medium
881,Miami,USA,25.7617,-80.1918,2019-05-01,2019,5,29.89,189.0,1,33.1,53.1,0,135.31,94.82,11.2,4,28.6,0,0.228,Low
882,Miami,USA,25.7617,-80.1918,2019-06-01,2019,6,32.69,312.2,4,30.9,71.5,1,133.83,108.66,13.9,4,44.9,3,0.515,High
883,Miami,USA,25.7617,-80.1918,2019-07-01,2019,7,31.78,298.9,2,37.1,69.6,1,129.09,100.34,11.7,1,26.3,2,0.432,Medium
884,Miami,USA,25.7617,-80.1918,2019-08-01,2019,8,30.37,280.2,2,33.4,50.6,0,147.14,100.8,10.5,0,30.5,1,0.317,Medium
885,Miami,USA,25.7617,-80.1918,2019-09-01,2019,9,29.46,192.0,0,40.0,48.9,1,128.23,99.44,10.6,3,19.7,0,0.221,Low
886,Miami,USA,25.7617,-80.1918,2019-10-01,2019,10,30.6,110.4,1,23.0,50.0,0,135.66,100.21,9.7,1,27.6,0,0.257,Medium
887,Miami,USA,25.7617,-80.1918,2019-11-01,2019,11,26.94,122.9,2,45.1,46.3,1,127.2,100.46,11.2,4,28.7,0,0.36,Medium
888,Miami,USA,25.7617,-80.1918,2019-12-01,2019,12,24.53,111.5,0,54.4,55.4,0,127.39,103.59,10.1,2,20.6,2,0.382,Medium
889,Miami,USA,25.7617,-80.1918,2020-01-01,2020,1,25.32,181.3,0,53.5,55.0,0,134.38,95.77,6.9,2,29.7,0,0.321,Medium
890,Miami,USA,25.7617,-80.1918,2020-02-01,2020,2,24.75,152.4,2,51.9,40.8,0,135.26,100.58,7.5,3,26.8,0,0.385,Medium
891,Miami,USA,25.7617,-80.1918,2020-03-01,2020,3,28.05,88.7,0,33.3,60.7,1,139.24,98.57,8.9,1,24.6,2,0.282,Medium
892,Miami,USA,25.7617,-80.1918,2020-04-01,2020,4,27.27,133.0,0,38.9,43.4,0,154.21,92.38,7.7,3,11.4,0,0.238,Low
893,Miami,USA,25.7617,-80.1918,2020-05-01,2020,5,29.22,200.0,3,41.2,49.0,0,134.08,100.54,9.7,0,37.2,1,0.291,Medium
894,Miami,USA,25.7617,-80.1918,2020-06-01,2020,6,31.45,291.3,2,39.9,60.4,0,140.66,100.88,11.2,6,34.8,1,0.385,Medium
895,Miami,USA,25.7617,-80.1918,2020-07-01,2020,7,32.75,355.2,1,44.3,52.4,1,134.18,98.42,6.9,3,29.5,2,0.444,Medium
896,Miami,USA,25.7617,-80.1918,2020-08-01,2020,8,31.41,333.7,3,37.6,76.1,1,139.2,111.61,11.3,0,29.9,3,0.485,Medium
897,Miami,USA,25.7617,-80.1918,2020-09-01,2020,9,29.37,204.5,1,39.8,66.9,1,150.22,97.88,9.3,1,36.7,0,0.288,Medium
898,Miami,USA,25.7617,-80.1918,2020-10-01,2020,10,29.04,75.8,1,37.2,36.1,0,142.38,100.38,5.7,1,21.1,0,0.244,Low
899,Miami,USA,25.7617,-80.1918,2020-11-01,2020,11,27.03,123.5,0,51.5,41.6,2,128.59,101.61,11.5,1,26.0,1,0.327,Medium
900,Miami,USA,25.7617,-80.1918,2020-12-01,2020,12,27.22,137.4,2,40.7,43.9,0,131.58,99.27,7.4,3,40.3,0,0.305,Medium
901,Miami,USA,25.7617,-80.1918,2021-01-01,2021,1,26.6,94.5,0,48.9,36.5,0,142.61,93.36,6.8,1,19.4,0,0.288,Medium
902,Miami,USA,25.7617,-80.1918,2021-02-01,2021,2,25.9,152.7,3,66.0,30.9,1,133.61,100.84,12.8,3,39.2,1,0.427,Medium
903,Miami,USA,25.7617,-80.1918,2021-03-01,2021,3,28.06,145.6,4,26.3,41.7,1,135.96,101.32,12.3,4,37.9,0,0.326,Medium
904,Miami,USA,25.7617,-80.1918,2021-04-01,2021,4,29.17,93.9,1,34.9,41.0,1,141.18,92.94,7.2,5,28.9,0,0.266,Medium
905,Miami,USA,25.7617,-80.1918,2021-05-01,2021,5,31.55,273.2,3,45.4,53.0,0,132.85,98.95,11.9,3,34.9,1,0.409,Medium
906,Miami,USA,25.7617,-80.1918,2021-06-01,2021,6,32.16,353.5,1,35.3,66.4,2,129.44,96.89,10.9,1,34.2,0,0.455,Medium
907,Miami,USA,25.7617,-80.1918,2021-07-01,2021,7,32.42,418.7,3,32.8,78.2,0,134.87,106.86,14.8,4,36.3,1,0.524,High
908,Miami,USA,25.7617,-80.1918,2021-08-01,2021,8,32.65,375.5,3,37.0,62.7,1,144.69,105.19,12.2,3,35.6,0,0.515,High
909,Miami,USA,25.7617,-80.1918,2021-09-01,2021,9,30.51,191.9,1,33.2,56.9,0,146.79,100.34,8.5,1,34.0,1,0.253,Medium
910,Miami,USA,25.7617,-80.1918,2021-10-01,2021,10,28.39,157.0,2,36.2,48.3,1,139.78,102.36,8.8,7,24.5,1,0.285,Medium
911,Miami,USA,25.7617,-80.1918,2021-11-01,2021,11,27.68,155.2,1,40.5,47.1,1,145.71,99.6,8.2,1,33.5,0,0.282,Medium
912,Miami,USA,25.7617,-80.1918,2021-12-01,2021,12,26.15,106.1,4,62.2,38.9,1,127.21,109.51,11.3,1,43.1,2,0.481,Medium
913,Miami,USA,25.7617,-80.1918,2022-01-01,2022,1,26.52,138.2,0,67.4,43.9,1,135.4,97.17,11.3,0,31.7,0,0.35,Medium
914,Miami,USA,25.7617,-80.1918,2022-02-01,2022,2,26.5,44.9,2,52.3,47.0,1,130.15,101.92,10.7,0,38.4,2,0.432,Medium
915,Miami,USA,25.7617,-80.1918,2022-03-01,2022,3,27.88,43.8,1,34.9,35.3,0,142.05,98.87,8.9,2,23.6,1,0.276,Medium
916,Miami,USA,25.7617,-80.1918,2022-04-01,2022,4,28.11,51.4,0,31.8,52.0,0,141.31,91.89,9.9,4,13.4,0,0.257,Medium
917,Miami,USA,25.7617,-80.1918,2022-05-01,2022,5,30.99,243.6,0,34.5,65.7,1,149.63,107.54,5.3,1,26.6,0,0.306,Medium
918,Miami,USA,25.7617,-80.1918,2022-06-01,2022,6,30.66,324.5,1,40.0,59.8,1,135.47,100.02,11.7,1,24.9,0,0.374,Medium
919,Miami,USA,25.7617,-80.1918,2022-07-01,2022,7,32.87,325.0,2,27.9,69.6,0,132.99,100.62,10.0,1,26.7,0,0.428,Medium
920,Miami,USA,25.7617,-80.1918,2022-08-01,2022,8,32.48,375.9,3,29.8,69.3,0,150.07,105.79,11.5,1,27.3,0,0.48,Medium
921,Miami,USA,25.7617,-80.1918,2022-09-01,2022,9,30.9,267.5,2,40.1,51.9,0,136.51,102.56,8.5,2,27.3,0,0.343,Medium
922,Miami,USA,25.7617,-80.1918,2022-10-01,2022,10,29.38,56.1,3,43.5,46.6,0,138.74,101.51,9.4,0,29.5,0,0.36,Medium
923,Miami,USA,25.7617,-80.1918,2022-11-01,2022,11,27.46,113.1,3,41.0,44.3,1,139.7,102.74,11.8,1,22.2,0,0.369,Medium
924,Miami,USA,25.7617,-80.1918,2022-12-01,2022,12,26.07,82.4,0,42.7,32.9,4,131.5,95.89,13.6,1,34.2,0,0.387,Medium
925,Miami,USA,25.7617,-80.1918,2023-01-01,2023,1,26.15,136.6,1,82.3,46.4,1,146.41,100.23,12.3,3,44.4,1,0.433,Medium
926,Miami,USA,25.7617,-80.1918,2023-02-01,2023,2,28.16,118.8,1,59.6,35.5,0,147.6,99.88,10.8,1,30.1,1,0.289,Medium
927,Miami,USA,25.7617,-80.1918,2023-03-01,2023,3,27.86,84.7,0,43.9,49.8,1,155.14,99.13,8.3,2,25.1,0,0.296,Medium
928,Miami,USA,25.7617,-80.1918,2023-04-01,2023,4,28.11,187.8,0,43.0,38.5,2,138.84,101.91,8.0,3,26.6,0,0.237,Low
929,Miami,USA,25.7617,-80.1918,2023-05-01,2023,5,29.33,230.3,2,35.0,54.6,0,142.55,99.29,8.4,1,27.3,1,0.273,Medium
930,Miami,USA,25.7617,-80.1918,2023-06-01,2023,6,30.66,290.4,4,42.9,74.5,1,132.76,102.08,12.4,2,41.4,0,0.483,Medium
931,Miami,USA,25.7617,-80.1918,2023-07-01,2023,7,31.92,325.9,3,37.3,71.7,1,137.92,107.13,8.8,3,36.8,3,0.486,Medium
932,Miami,USA,25.7617,-80.1918,2023-08-01,2023,8,32.84,371.8,5,36.7,57.3,1,122.46,110.66,12.1,4,37.0,1,0.57,High
933,Miami,USA,25.7617,-80.1918,2023-09-01,2023,9,29.92,264.5,0,35.1,48.6,0,149.14,98.54,6.8,2,31.1,0,0.234,Low
934,Miami,USA,25.7617,-80.1918,2023-10-01,2023,10,30.39,113.5,1,24.4,39.0,0,137.98,95.68,7.5,0,15.8,1,0.234,Low
935,Miami,USA,25.7617,-80.1918,2023-11-01,2023,11,27.9,80.3,2,61.5,46.0,0,144.03,104.01,10.5,4,35.1,1,0.371,Medium
936,Miami,USA,25.7617,-80.1918,2023-12-01,2023,12,27.06,86.6,0,45.8,45.7,1,131.3,107.94,9.1,1,25.4,0,0.314,Medium
937,Miami,USA,25.7617,-80.1918,2024-01-01,2024,1,26.64,100.7,2,45.1,37.3,0,131.3,99.51,9.3,3,38.0,1,0.339,Medium
938,Miami,USA,25.7617,-80.1918,2024-02-01,2024,2,27.16,140.3,1,51.6,35.0,0,152.57,93.82,7.7,1,27.7,0,0.284,Medium
939,Miami,USA,25.7617,-80.1918,2024-03-01,2024,3,27.47,150.3,1,38.3,45.2,0,143.42,95.78,5.6,0,23.9,0,0.256,Medium
940,Miami,USA,25.7617,-80.1918,2024-04-01,2024,4,27.44,91.0,2,35.6,41.9,0,138.63,100.71,8.3,2,26.7,0,0.307,Medium
941,Miami,USA,25.7617,-80.1918,2024-05-01,2024,5,30.35,260.0,2,41.5,70.8,1,149.59,97.67,9.7,3,34.6,1,0.386,Medium
942,Miami,USA,25.7617,-80.1918,2024-06-01,2024,6,31.22,270.7,2,44.0,65.1,0,145.31,101.49,11.0,2,26.0,0,0.386,Medium
943,Miami,USA,25.7617,-80.1918,2024-07-01,2024,7,32.59,311.5,4,42.5,80.9,0,143.02,106.51,14.0,2,35.6,1,0.531,High
944,Miami,USA,25.7617,-80.1918,2024-08-01,2024,8,32.12,249.1,2,33.6,56.7,0,144.15,104.31,11.0,4,20.5,0,0.359,Medium
945,Miami,USA,25.7617,-80.1918,2024-09-01,2024,9,30.64,168.8,4,36.4,44.7,0,160.54,106.42,12.2,3,29.8,2,0.344,Medium
946,Miami,USA,25.7617,-80.1918,2024-10-01,2024,10,30.77,83.2,3,39.3,35.4,0,140.58,102.94,9.8,1,31.1,1,0.353,Medium
947,Miami,USA,25.7617,-80.1918,2024-11-01,2024,11,27.37,119.0,2,31.9,51.5,1,157.24,94.03,9.3,1,32.4,1,0.327,Medium
948,Miami,USA,25.7617,-80.1918,2024-12-01,2024,12,25.01,80.2,1,57.9,55.5,0,146.03,102.34,8.5,3,19.3,0,0.425,Medium
949,Miami,USA,25.7617,-80.1918,2025-01-01,2025,1,26.5,179.9,2,44.3,37.7,0,135.58,101.26,7.1,1,27.8,1,0.299,Medium
950,Miami,USA,25.7617,-80.1918,2025-02-01,2025,2,27.76,82.7,4,69.6,40.0,2,139.55,107.76,15.0,2,45.1,0,0.495,Medium
951,Miami,USA,25.7617,-80.1918,2025-03-01,2025,3,28.15,127.4,1,42.8,35.0,1,151.08,93.24,8.7,1,26.4,1,0.268,Medium
952,Miami,USA,25.7617,-80.1918,2025-04-01,2025,4,29.14,172.8,0,34.5,30.5,0,147.24,92.24,5.1,1,17.3,1,0.147,Low
953,Miami,USA,25.7617,-80.1918,2025-05-01,2025,5,31.13,231.7,5,29.8,60.7,0,133.42,101.34,11.1,3,36.4,2,0.414,Medium
954,Miami,USA,25.7617,-80.1918,2025-06-01,2025,6,33.52,292.5,4,31.0,66.4,0,141.84,97.55,10.4,2,33.6,3,0.493,Medium
955,Miami,USA,25.7617,-80.1918,2025-07-01,2025,7,31.76,341.9,4,54.2,68.3,0,142.24,105.3,12.7,2,36.2,1,0.531,High
956,Miami,USA,25.7617,-80.1918,2025-08-01,2025,8,32.09,284.6,4,43.5,55.1,0,124.82,101.29,13.3,6,37.3,1,0.46,Medium
957,Miami,USA,25.7617,-80.1918,2025-09-01,2025,9,31.52,188.0,0,23.6,67.2,0,160.81,104.21,7.3,1,35.1,0,0.242,Low
958,Miami,USA,25.7617,-80.1918,2025-10-01,2025,10,29.69,144.5,1,48.0,39.7,0,147.87,97.32,5.3,0,22.4,1,0.257,Medium
959,Miami,USA,25.7617,-80.1918,2025-11-01,2025,11,27.8,96.7,2,55.5,46.9,0,138.21,104.42,9.8,0,29.3,0,0.352,Medium
960,Miami,USA,25.7617,-80.1918,2025-12-01,2025,12,26.57,157.5,0,51.1,33.0,0,161.39,91.17,7.4,1,22.5,0,0.255,Medium
121,Mumbai,India,19.076,72.8777,2016-01-01,2016,1,24.85,154.2,1,56.7,37.2,0,108.07,92.13,7.6,0,35.3,1,0.352,Medium
122,Mumbai,India,19.076,72.8777,2016-02-01,2016,2,26.21,171.5,1,50.8,40.9,0,109.76,87.41,9.2,0,26.8,0,0.299,Medium
123,Mumbai,India,19.076,72.8777,2016-03-01,2016,3,26.88,138.8,3,32.7,37.1,0,105.88,90.93,4.8,2,27.8,0,0.31,Medium
124,Mumbai,India,19.076,72.8777,2016-04-01,2016,4,28.48,153.8,0,50.9,48.5,0,110.26,91.13,7.3,1,25.1,0,0.23,Low
125,Mumbai,India,19.076,72.8777,2016-05-01,2016,5,30.45,298.6,3,39.4,67.2,0,107.64,92.37,9.5,3,37.5,0,0.407,Medium
126,Mumbai,India,19.076,72.8777,2016-06-01,2016,6,30.43,272.0,6,56.1,59.0,1,93.18,99.27,15.5,2,47.9,1,0.537,High
127,Mumbai,India,19.076,72.8777,2016-07-01,2016,7,31.79,292.2,1,28.6,64.0,1,112.84,89.37,8.8,2,28.1,0,0.37,Medium
128,Mumbai,India,19.076,72.8777,2016-08-01,2016,8,30.56,258.1,2,42.7,62.5,0,118.33,90.67,10.2,0,30.6,1,0.357,Medium
129,Mumbai,India,19.076,72.8777,2016-09-01,2016,9,30.05,214.4,1,41.2,58.3,0,108.91,89.18,9.0,2,29.7,1,0.278,Medium
130,Mumbai,India,19.076,72.8777,2016-10-01,2016,10,27.77,177.3,2,32.7,40.9,0,125.65,87.05,5.3,0,19.8,0,0.241,Low
131,Mumbai,India,19.076,72.8777,2016-11-01,2016,11,26.07,141.1,2,56.3,51.7,0,116.17,90.91,10.8,3,35.7,1,0.382,Medium
132,Mumbai,India,19.076,72.8777,2016-12-01,2016,12,25.79,139.5,0,49.1,50.0,0,123.83,84.01,8.4,1,33.0,0,0.308,Medium
133,Mumbai,India,19.076,72.8777,2017-01-01,2017,1,23.81,47.2,3,52.1,33.7,0,109.39,89.7,10.3,1,35.0,1,0.482,Medium
134,Mumbai,India,19.076,72.8777,2017-02-01,2017,2,25.49,92.3,0,24.5,45.6,0,125.76,85.99,12.9,3,14.6,0,0.273,Medium
135,Mumbai,India,19.076,72.8777,2017-03-01,2017,3,25.55,46.6,1,48.3,52.6,0,108.88,89.11,5.7,1,16.8,0,0.397,Medium
136,Mumbai,India,19.076,72.8777,2017-04-01,2017,4,28.97,166.8,1,24.4,38.5,2,120.9,89.91,11.8,0,31.6,0,0.218,Low
137,Mumbai,India,19.076,72.8777,2017-05-01,2017,5,30.7,288.4,4,30.6,52.4,2,109.73,95.05,11.4,4,33.1,0,0.442,Medium
138,Mumbai,India,19.076,72.8777,2017-06-01,2017,6,30.28,333.0,2,26.8,60.0,0,119.9,91.55,9.4,1,28.5,0,0.346,Medium
139,Mumbai,India,19.076,72.8777,2017-07-01,2017,7,31.72,290.5,4,32.1,63.5,0,104.82,95.51,10.5,3,40.1,1,0.444,Medium
140,Mumbai,India,19.076,72.8777,2017-08-01,2017,8,31.71,361.1,4,38.6,52.0,2,102.76,93.75,11.5,2,34.5,2,0.526,High
141,Mumbai,India,19.076,72.8777,2017-09-01,2017,9,30.62,214.9,0,35.1,45.2,0,124.68,83.87,6.6,3,20.1,1,0.224,Low
142,Mumbai,India,19.076,72.8777,2017-10-01,2017,10,28.58,71.4,1,40.7,42.5,0,112.95,85.65,8.7,1,25.9,0,0.266,Medium
143,Mumbai,India,19.076,72.8777,2017-11-01,2017,11,27.51,81.4,4,55.1,52.6,0,115.24,92.19,8.7,2,27.4,2,0.436,Medium
144,Mumbai,India,19.076,72.8777,2017-12-01,2017,12,25.31,102.8,0,49.4,37.7,0,111.93,86.85,8.8,1,19.1,0,0.319,Medium
145,Mumbai,India,19.076,72.8777,2018-01-01,2018,1,25.51,122.0,1,51.2,37.5,1,122.51,88.37,8.6,1,28.3,1,0.364,Medium
146,Mumbai,India,19.076,72.8777,2018-02-01,2018,2,25.48,113.5,1,60.0,53.9,2,104.61,89.93,9.4,1,32.7,2,0.444,Medium
147,Mumbai,India,19.076,72.8777,2018-03-01,2018,3,26.37,63.5,0,53.3,34.2,0,125.03,86.56,7.0,0,25.9,1,0.315,Medium
148,Mumbai,India,19.076,72.8777,2018-04-01,2018,4,28.5,168.5,1,40.9,30.4,1,123.3,90.14,10.5,1,39.9,0,0.221,Low
149,Mumbai,India,19.076,72.8777,2018-05-01,2018,5,30.26,219.0,2,27.4,48.7,1,112.85,92.79,8.6,2,29.3,0,0.291,Medium
150,Mumbai,India,19.076,72.8777,2018-06-01,2018,6,32.02,273.3,1,38.4,59.0,1,121.07,89.55,10.1,3,25.0,2,0.381,Medium
151,Mumbai,India,19.076,72.8777,2018-07-01,2018,7,31.71,374.4,2,35.9,54.8,0,120.46,89.12,8.0,5,34.7,0,0.419,Medium
152,Mumbai,India,19.076,72.8777,2018-08-01,2018,8,31.62,254.5,1,43.4,62.8,0,115.69,87.43,10.1,3,19.3,2,0.354,Medium
153,Mumbai,India,19.076,72.8777,2018-09-01,2018,9,30.54,159.8,2,30.4,61.1,0,112.55,90.32,10.1,2,20.7,1,0.3,Medium
154,Mumbai,India,19.076,72.8777,2018-10-01,2018,10,30.68,170.9,0,21.7,33.0,1,110.9,84.89,10.2,3,19.0,1,0.189,Low
155,Mumbai,India,19.076,72.8777,2018-11-01,2018,11,25.59,195.7,1,50.5,42.6,0,123.31,91.11,8.3,2,24.3,0,0.315,Medium
156,Mumbai,India,19.076,72.8777,2018-12-01,2018,12,25.4,101.5,2,31.9,44.8,0,110.95,84.12,9.6,2,22.8,0,0.35,Medium
157,Mumbai,India,19.076,72.8777,2019-01-01,2019,1,26.74,118.2,3,49.1,41.4,0,119.07,90.39,9.9,1,29.5,1,0.372,Medium
158,Mumbai,India,19.076,72.8777,2019-02-01,2019,2,25.69,74.1,1,44.1,43.3,0,120.49,89.94,10.3,1,26.4,0,0.352,Medium
159,Mumbai,India,19.076,72.8777,2019-03-01,2019,3,27.79,120.2,2,36.8,43.4,0,125.88,90.25,7.6,1,31.6,1,0.285,Medium
160,Mumbai,India,19.076,72.8777,2019-04-01,2019,4,28.77,101.0,2,29.0,36.3,1,118.78,98.41,10.2,4,28.0,0,0.262,Medium
161,Mumbai,India,19.076,72.8777,2019-05-01,2019,5,31.78,220.9,1,44.7,65.0,0,118.68,91.48,8.8,3,24.9,0,0.348,Medium
162,Mumbai,India,19.076,72.8777,2019-06-01,2019,6,30.32,318.2,6,41.6,72.4,0,117.28,93.26,12.4,3,44.0,1,0.522,High
163,Mumbai,India,19.076,72.8777,2019-07-01,2019,7,32.6,286.1,2,33.0,75.3,0,121.94,91.17,9.8,3,25.6,2,0.426,Medium
164,Mumbai,India,19.076,72.8777,2019-08-01,2019,8,32.63,287.4,3,44.1,70.7,0,119.81,87.65,11.0,2,24.4,0,0.477,Medium
165,Mumbai,India,19.076,72.8777,2019-09-01,2019,9,29.33,152.8,1,26.5,43.5,1,126.09,89.27,8.4,0,32.0,1,0.224,Low
166,Mumbai,India,19.076,72.8777,2019-10-01,2019,10,29.28,105.8,1,25.4,48.5,0,115.18,85.69,8.1,1,29.1,1,0.229,Low
167,Mumbai,India,19.076,72.8777,2019-11-01,2019,11,26.39,116.3,0,51.9,46.6,0,129.7,91.36,10.4,1,20.3,1,0.305,Medium
168,Mumbai,India,19.076,72.8777,2019-12-01,2019,12,26.1,129.2,4,57.0,31.2,0,123.41,90.79,11.7,1,29.6,0,0.416,Medium
169,Mumbai,India,19.076,72.8777,2020-01-01,2020,1,25.47,129.6,3,51.3,40.5,0,114.32,91.19,11.1,2,25.3,1,0.404,Medium
170,Mumbai,India,19.076,72.8777,2020-02-01,2020,2,24.17,156.2,2,43.2,43.9,1,119.34,89.79,9.2,1,31.8,1,0.405,Medium
171,Mumbai,India,19.076,72.8777,2020-03-01,2020,3,27.54,58.4,0,56.7,53.7,0,124.31,94.57,7.2,0,34.3,1,0.329,Medium
172,Mumbai,India,19.076,72.8777,2020-04-01,2020,4,28.82,60.5,2,21.2,47.1,0,124.48,88.0,9.7,2,28.4,0,0.259,Medium
173,Mumbai,India,19.076,72.8777,2020-05-01,2020,5,31.4,246.2,3,30.2,48.4,0,125.18,96.22,10.6,1,33.4,0,0.349,Medium
174,Mumbai,India,19.076,72.8777,2020-06-01,2020,6,31.82,220.3,3,36.8,75.5,0,129.47,95.27,12.7,2,36.4,1,0.411,Medium
175,Mumbai,India,19.076,72.8777,2020-07-01,2020,7,33.57,337.3,1,49.4,67.3,1,127.98,93.88,9.4,3,31.5,1,0.498,Medium
176,Mumbai,India,19.076,72.8777,2020-08-01,2020,8,31.43,254.7,2,38.1,61.9,0,114.8,92.04,9.1,0,34.1,1,0.366,Medium
177,Mumbai,India,19.076,72.8777,2020-09-01,2020,9,30.18,287.9,1,38.8,52.2,0,130.04,90.45,6.0,0,29.2,0,0.303,Medium
178,Mumbai,India,19.076,72.8777,2020-10-01,2020,10,28.62,130.0,0,30.4,30.6,0,139.22,80.49,6.1,1,26.9,0,0.157,Low
179,Mumbai,India,19.076,72.8777,2020-11-01,2020,11,26.93,111.2,0,49.5,41.2,1,128.32,88.86,10.2,0,24.0,0,0.302,Medium
180,Mumbai,India,19.076,72.8777,2020-12-01,2020,12,24.43,169.1,1,53.2,45.5,0,133.05,92.28,8.0,1,17.7,0,0.362,Medium
181,Mumbai,India,19.076,72.8777,2021-01-01,2021,1,25.62,77.5,2,42.3,39.3,0,139.19,89.64,9.7,2,31.7,0,0.372,Medium
182,Mumbai,India,19.076,72.8777,2021-02-01,2021,2,24.56,85.1,0,58.7,44.9,1,131.95,86.28,8.9,3,29.6,0,0.409,Medium
183,Mumbai,India,19.076,72.8777,2021-03-01,2021,3,27.68,69.5,3,52.8,35.9,0,125.88,91.19,10.1,2,28.0,0,0.372,Medium
184,Mumbai,India,19.076,72.8777,2021-04-01,2021,4,27.84,85.4,2,41.4,41.0,0,133.47,94.96,7.1,2,25.4,0,0.309,Medium
185,Mumbai,India,19.076,72.8777,2021-05-01,2021,5,29.62,227.4,2,35.3,56.7,1,124.68,95.74,10.1,0,43.5,0,0.312,Medium
186,Mumbai,India,19.076,72.8777,2021-06-01,2021,6,30.91,321.6,0,27.4,65.0,0,129.61,88.04,3.4,3,20.3,0,0.305,Medium
187,Mumbai,India,19.076,72.8777,2021-07-01,2021,7,31.7,368.5,2,16.5,55.8,1,123.68,93.62,9.0,1,24.1,1,0.395,Medium
188,Mumbai,India,19.076,72.8777,2021-08-01,2021,8,31.47,228.9,1,36.3,60.6,0,138.03,88.53,6.2,1,26.6,0,0.316,Medium
189,Mumbai,India,19.076,72.8777,2021-09-01,2021,9,31.25,218.1,2,43.7,66.2,0,119.93,86.45,11.6,1,35.8,0,0.363,Medium
190,Mumbai,India,19.076,72.8777,2021-10-01,2021,10,28.43,75.7,1,43.0,38.6,0,139.66,85.9,9.3,1,35.7,0,0.267,Medium
191,Mumbai,India,19.076,72.8777,2021-11-01,2021,11,27.78,111.8,0,51.5,42.1,1,131.4,94.56,9.5,0,29.9,1,0.286,Medium
192,Mumbai,India,19.076,72.8777,2021-12-01,2021,12,28.5,213.4,1,51.7,41.4,0,119.96,88.57,10.8,1,19.4,1,0.247,Low
193,Mumbai,India,19.076,72.8777,2022-01-01,2022,1,26.22,131.7,2,63.7,53.0,0,127.9,91.25,8.6,2,40.5,1,0.404,Medium
194,Mumbai,India,19.076,72.8777,2022-02-01,2022,2,26.19,156.0,4,59.7,51.0,1,107.07,94.5,14.6,2,37.2,0,0.466,Medium
195,Mumbai,India,19.076,72.8777,2022-03-01,2022,3,26.82,198.4,1,41.6,47.7,0,134.13,94.87,9.8,3,21.1,0,0.271,Medium
196,Mumbai,India,19.076,72.8777,2022-04-01,2022,4,28.79,165.1,1,40.4,35.2,0,137.29,93.18,7.5,0,18.2,0,0.197,Low
197,Mumbai,India,19.076,72.8777,2022-05-01,2022,5,29.75,207.1,3,30.7,57.0,1,121.25,99.51,12.2,1,36.5,1,0.325,Medium
198,Mumbai,India,19.076,72.8777,2022-06-01,2022,6,31.78,250.8,6,39.3,67.6,2,117.22,98.48,12.4,2,45.3,0,0.561,High
199,Mumbai,India,19.076,72.8777,2022-07-01,2022,7,32.06,328.8,2,24.6,62.1,0,142.25,91.0,7.7,0,28.8,2,0.39,Medium
200,Mumbai,India,19.076,72.8777,2022-08-01,2022,8,29.86,279.2,1,25.2,57.6,0,128.45,84.2,7.2,2,30.9,0,0.267,Medium
201,Mumbai,India,19.076,72.8777,2022-09-01,2022,9,30.49,164.0,2,43.5,66.4,1,118.69,97.55,9.9,3,28.9,0,0.362,Medium
202,Mumbai,India,19.076,72.8777,2022-10-01,2022,10,29.87,129.6,2,42.5,39.9,0,140.22,86.34,7.2,1,33.4,0,0.29,Medium
203,Mumbai,India,19.076,72.8777,2022-11-01,2022,11,27.2,130.6,1,50.1,53.3,2,138.73,93.81,12.5,1,30.4,0,0.364,Medium
204,Mumbai,India,19.076,72.8777,2022-12-01,2022,12,25.91,190.8,2,53.0,49.0,0,129.25,87.77,9.1,4,39.7,0,0.352,Medium
205,Mumbai,India,19.076,72.8777,2023-01-01,2023,1,24.94,105.5,3,35.9,44.9,0,136.34,89.08,9.9,0,31.5,0,0.401,Medium
206,Mumbai,India,19.076,72.8777,2023-02-01,2023,2,24.97,131.2,0,51.7,45.2,2,137.56,89.13,9.0,3,25.4,0,0.382,Medium
207,Mumbai,India,19.076,72.8777,2023-03-01,2023,3,28.23,93.4,0,48.6,32.2,0,130.23,85.69,4.7,0,12.0,3,0.234,Low
208,Mumbai,India,19.076,72.8777,2023-04-01,2023,4,28.92,154.9,2,30.7,43.4,1,127.2,89.27,9.8,1,32.6,0,0.253,Medium
209,Mumbai,India,19.076,72.8777,2023-05-01,2023,5,31.2,220.0,2,29.3,64.4,0,139.08,88.9,6.3,6,26.1,1,0.325,Medium
210,Mumbai,India,19.076,72.8777,2023-06-01,2023,6,32.91,255.0,2,46.6,68.4,1,138.03,95.94,10.7,2,32.7,0,0.463,Medium
211,Mumbai,India,19.076,72.8777,2023-07-01,2023,7,32.84,329.5,3,34.5,68.1,1,130.45,90.46,9.0,2,38.0,1,0.502,High
212,Mumbai,India,19.076,72.8777,2023-08-01,2023,8,31.27,317.5,1,38.6,75.6,0,125.75,91.38,12.3,1,33.3,0,0.389,Medium
213,Mumbai,India,19.076,72.8777,2023-09-01,2023,9,30.74,235.2,1,41.2,53.2,1,144.15,94.69,10.8,5,35.0,0,0.323,Medium
214,Mumbai,India,19.076,72.8777,2023-10-01,2023,10,28.64,161.8,0,27.0,37.7,1,132.32,86.52,7.9,1,17.3,0,0.169,Low
215,Mumbai,India,19.076,72.8777,2023-11-01,2023,11,27.07,62.1,0,46.5,43.1,0,133.81,85.91,9.6,2,30.3,0,0.296,Medium
216,Mumbai,India,19.076,72.8777,2023-12-01,2023,12,26.83,86.3,4,62.9,47.4,0,130.05,93.12,9.8,2,31.3,0,0.462,Medium
217,Mumbai,India,19.076,72.8777,2024-01-01,2024,1,25.49,145.6,1,69.6,30.0,0,144.01,93.33,9.6,1,15.2,0,0.358,Medium
218,Mumbai,India,19.076,72.8777,2024-02-01,2024,2,24.8,91.0,5,52.6,44.0,0,133.43,94.66,11.5,0,28.8,0,0.514,High
219,Mumbai,India,19.076,72.8777,2024-03-01,2024,3,26.97,129.6,2,43.1,47.7,0,136.2,88.77,9.5,3,28.7,2,0.325,Medium
220,Mumbai,India,19.076,72.8777,2024-04-01,2024,4,28.94,23.2,2,37.2,40.1,0,137.97,90.97,10.5,3,21.1,0,0.308,Medium
221,Mumbai,India,19.076,72.8777,2024-05-01,2024,5,31.92,333.6,7,36.9,62.2,0,125.32,93.16,13.7,2,38.9,0,0.575,High
222,Mumbai,India,19.076,72.8777,2024-06-01,2024,6,31.42,291.1,2,46.1,68.1,1,133.37,95.43,11.3,2,35.1,0,0.441,Medium
223,Mumbai,India,19.076,72.8777,2024-07-01,2024,7,32.63,377.8,2,27.0,82.0,1,113.97,94.29,8.1,1,31.9,0,0.497,Medium
224,Mumbai,India,19.076,72.8777,2024-08-01,2024,8,31.69,288.4,3,32.8,58.4,0,131.0,90.58,8.3,1,27.3,0,0.403,Medium
225,Mumbai,India,19.076,72.8777,2024-09-01,2024,9,31.72,241.6,0,26.1,60.3,1,137.75,86.9,8.3,0,19.5,1,0.297,Medium
226,Mumbai,India,19.076,72.8777,2024-10-01,2024,10,30.18,179.7,2,26.9,34.9,0,130.17,85.89,8.2,0,24.2,0,0.224,Low
227,Mumbai,India,19.076,72.8777,2024-11-01,2024,11,28.7,166.6,1,48.0,30.7,2,135.92,93.22,8.1,2,19.7,0,0.259,Medium
228,Mumbai,India,19.076,72.8777,2024-12-01,2024,12,25.28,111.8,2,58.8,27.8,0,134.51,93.79,12.5,2,23.6,1,0.383,Medium
229,Mumbai,India,19.076,72.8777,2025-01-01,2025,1,26.45,114.6,0,49.8,45.8,1,147.64,88.08,11.1,2,22.2,0,0.322,Medium
230,Mumbai,India,19.076,72.8777,2025-02-01,2025,2,27.3,160.1,1,58.5,43.3,1,144.47,92.87,10.6,0,28.6,0,0.323,Medium
231,Mumbai,India,19.076,72.8777,2025-03-01,2025,3,28.11,213.3,2,53.9,38.6,1,130.64,85.77,10.1,0,29.7,2,0.314,Medium
232,Mumbai,India,19.076,72.8777,2025-04-01,2025,4,29.82,127.7,1,50.5,29.6,0,137.95,86.82,7.7,0,29.0,2,0.259,Medium
233,Mumbai,India,19.076,72.8777,2025-05-01,2025,5,30.87,303.3,2,35.6,49.7,1,134.29,91.49,8.3,0,37.8,0,0.374,Medium
234,Mumbai,India,19.076,72.8777,2025-06-01,2025,6,31.33,292.2,3,29.9,63.7,1,129.66,90.49,10.8,3,27.5,0,0.423,Medium
235,Mumbai,India,19.076,72.8777,2025-07-01,2025,7,30.98,368.1,5,27.0,72.6,0,132.57,91.45,11.7,3,45.0,1,0.5,Medium
236,Mumbai,India,19.076,72.8777,2025-08-01,2025,8,31.43,345.9,3,26.2,63.5,3,123.89,94.1,10.5,4,34.7,1,0.495,Medium
237,Mumbai,India,19.076,72.8777,2025-09-01,2025,9,33.0,208.6,2,45.0,56.3,1,126.82,93.46,10.9,0,32.7,1,0.416,Medium
238,Mumbai,India,19.076,72.8777,2025-10-01,2025,10,28.98,90.1,1,22.9,39.4,1,143.63,88.47,8.1,1,27.6,0,0.232,Low
239,Mumbai,India,19.076,72.8777,2025-11-01,2025,11,26.31,165.8,0,54.7,54.2,1,141.26,84.12,6.5,2,40.7,3,0.326,Medium
240,Mumbai,India,19.076,72.8777,2025-12-01,2025,12,27.38,98.7,0,45.4,34.9,0,137.04,81.11,6.1,1,19.3,1,0.251,Medium
